,time,Previous (Departure) Region,Gedo,level_0,index,admin1,year,month,TA,PA,DL,TA_lag1,TA_lag2,TA_lag3,TA_lag4,TA_lag5,TA_lag6,PA_lag1,PA_lag2,PA_lag3,PA_lag4,PA_lag5,PA_lag6,DL_lag1,DL_lag2,DL_lag3,DL_lag4,DL_lag5,DL_lag6,conflicts,inv_distance,x
0,2022-01,Awdal,0,1296,1452,Awdal,2022,1,1.2021176687602484,-0.2385481742207353,6,1.006870744127056,1.1097765445410086,0.9340698740481548,1.228973271924256,0.7921695359559568,-0.2502668263241141,-0.2628333875893948,-0.1857964102298976,0.1049327833780607,-0.0211329647167046,0.0964523893378851,-0.0543724736824231,5.0,4.0,3.0,2.0,1.0,0.0,3,0.0015437346539345937,2.6447269963200492e-06
1,2022-01,Bakool,1278,1297,1452,Bakool,2022,1,1.054422718993279,0.5924635795945545,8,0.8628358039352968,0.763590676708823,0.6044369918064462,0.6976746152970774,0.6248075138843961,0.1971729795557974,0.5493644456310491,0.4191848196240749,0.1916000070509175,-0.3485112520638359,-0.2697887870619426,-0.0924840300386976,7.0,6.0,5.0,4.0,3.0,2.0,9,0.004103844787771367,1.286004448476114e-05
2,2022-01,Banadir,0,1298,1452,Banadir,2022,1,0.7049331248410783,0.228571289992371,39,0.5667227813769657,0.5885361902628039,0.4509345540601213,0.5371940598268206,0.539414389859587,0.2915911440093443,0.1484880811758817,0.1338996002979504,0.0447123969255009,0.0136217027470115,0.042024655096468,0.0977465671938418,38.0,37.0,36.0,35.0,34.0,33.0,40,0.002616749249414958,4.029928957653553e-06
3,2022-01,Bari,0,1299,1452,Bari,2022,1,0.7348934792241926,0.1059776927120519,6,0.852973720850748,1.120914584509283,0.7618666341491416,0.6780374270023991,0.4989048699095681,-0.3086501783631496,0.0397719283588131,0.2362076364799005,0.2261675852022191,0.2405121695049659,0.2277697479176822,0.0505982620253739,5.0,4.0,3.0,2.0,1.0,0.0,6,0.000943609458175678,9.980610116639346e-07
4,2022-01,Bay,22329,1300,1452,Bay,2022,1,1.1702301978500431,0.5430375612074938,43,1.0649904194846656,1.0880363053111974,0.8918031878183191,0.9100995182711524,0.9402329215297264,0.6774742344365732,0.4919511648267749,0.348052528216713,0.0635840777328635,-0.410537538310712,-0.3230347505415,-0.1295442537618995,42.0,41.0,40.0,39.0,38.0,37.0,10,0.005642326753641573,3.463856191049195e-05
5,2022-01,Galgaduud,0,1301,1452,Galgaduud,2022,1,0.5390683642379399,0.2345477880042063,6,0.2502380206873578,0.1938626792527827,0.0339553656566295,0.3625486811329599,0.2147947276578247,-0.4816599440650357,0.1107831436936235,0.1467965885013168,0.1471661595411663,0.1348486054746306,0.1442387700307299,0.1600157980422307,5.0,4.0,3.0,2.0,1.0,0.0,17,0.00178343060323909,6.166044292518333e-07
7,2022-01,Hiraan,0,1303,1452,Hiraan,2022,1,0.7074664658997607,0.287697628442261,6,0.487568026514266,0.4014035983033094,0.2534979918103787,0.4376681087160884,0.3574909010167173,-0.1133009886935445,0.1834727729966705,0.1840254337699723,0.1309819575188882,0.0441621688582177,0.0709674453561464,0.1211278258186321,5.0,4.0,3.0,2.0,1.0,0.0,21,0.002488200557274866,2.4851466817144888e-06
8,2022-01,Lower Juba,0,1304,1452,Lower Juba,2022,1,1.2923044623514308,0.6198379672550162,163,1.3691994487692771,1.538599996036779,1.288544843974607,1.2482534520681692,1.2395998862860445,1.204901177809093,0.5773334109127387,0.922478870971114,0.4011303979237886,0.1488567646994079,0.0142916200682933,0.0786878624508346,162.0,161.0,160.0,159.0,158.0,157.0,29,0.004275414189499781,2.8124325491802287e-05
9,2022-01,Lower Shabelle,0,1305,1452,Lower Shabelle,2022,1,0.9839379846427464,0.246131161855701,41,0.8769124767538071,0.951982268442661,0.7492373834195851,0.7886602955152776,0.8153566679012418,0.6051753575697618,0.2108056632384981,0.1790550605294139,0.0558833163045725,-0.0565049901110351,-0.0298245782648899,0.0512808992460594,40.0,39.0,38.0,37.0,36.0,35.0,45,0.0036731358257020208,1.2844075075067432e-05
10,2022-01,Middle Juba,0,1306,1452,Middle Juba,2022,1,1.2412508889579938,0.3711581976814715,163,1.2455684113023788,1.4102474513527814,1.1796885338849348,1.1567814956301454,1.1793327711659272,1.0591514807880658,0.3837113155695925,0.3915602231105315,0.1678835701430376,-0.0853499057597849,-0.1034422562699156,0.0249693099450029,162.0,161.0,160.0,159.0,158.0,157.0,1,0.006624219420370121,6.188205716555548e-05
11,2022-01,Middle Shabelle,0,1307,1452,Middle Shabelle,2022,1,0.3808112643155104,0.1791411821595466,6,0.2260327148969038,0.1957858774471379,0.1248510715374576,0.2564923891016407,0.2405724797560306,-0.0405861724663768,0.1070071270260876,0.1171268113369072,0.0742876805249436,0.0852958225854196,0.1161113475981224,0.1389541660136587,5.0,4.0,3.0,2.0,1.0,0.0,21,0.0022314676576835808,9.749055777306656e-07
12,2022-01,Mudug,0,1308,1452,Mudug,2022,1,0.453452928433778,0.1345613667310362,3,0.1393336171746055,0.1306706375076662,-0.077514577864589,0.3372246430321975,0.1591191999452494,-0.7275198548481583,0.0632129805140632,0.2036611554941206,0.226562483429295,0.2327336772430206,0.2226834906995919,0.103863217891218,2.0,1.0,0.0,2.0,1.0,0.0,2,0.0013544182908195735,2.3970860808846047e-07
13,2022-01,Nugaal,0,1309,1452,Nugaal,2022,1,0.699843359740576,0.1139399752578671,3,0.3285845914808786,0.3132471656021008,-0.0551951011854318,0.4719745375071879,0.2313344868978447,-0.9121397645875504,0.0455698636885864,0.2369268966034977,0.2620036209329585,0.2754573657847433,0.2624304914273327,0.085264552944247,2.0,1.0,0.0,2.0,1.0,0.0,3,0.0011479523568293187,4.127954275402494e-07
14,2022-01,Sanaag,0,1310,1452,Sanaag,2022,1,1.2461636353679828,0.052559376182004,6,0.9159941792265692,0.9178172449821042,0.4777876606578908,0.9875053572566664,0.6215985475991701,-0.5915871101760565,0.0556622316736382,0.0991973368265734,0.1078463782343433,0.063488065981665,0.0656321122766688,0.070942014449155,5.0,4.0,3.0,2.0,1.0,0.0,0,0.001160056757004846,1.235135742538682e-06
15,2022-01,Sool,0,1311,1452,Sool,2022,1,1.1080530229873429,0.0800894666180937,6,0.6680752325802594,0.6369192936815411,0.2434857352115295,0.8681247162395166,0.5300712860516593,-0.7421841636717861,0.0468585684891949,0.1879169981718459,0.2054640465564217,0.1952241718424453,0.1818122086174714,0.0766489090707046,5.0,4.0,3.0,2.0,1.0,0.0,3,0.0012754984099552702,1.0362015746472788e-06
16,2022-01,Togdheer,0,1312,1452,Togdheer,2022,1,1.1395093137598202,-0.0041191792355541,6,0.7508382147884904,0.787171135352772,0.5399053070746052,1.1163843121607335,0.703991941855914,-0.494687621818667,-0.0213620682036838,-0.016666553010298,0.0622345030002352,-0.0025401155873642,0.0396203139508782,0.0876271051439616,5.0,4.0,3.0,2.0,1.0,0.0,3,0.0015393206518505699,1.865208357070474e-06
17,2022-01,Woqooyi Galbeed,0,1313,1452,Woqooyi Galbeed,2022,1,1.140915197240828,-0.1729951268092957,6,0.8507555628503026,0.9173600092014028,0.7252721090910278,1.1873799707452593,0.7576558003371878,-0.3442123495003766,-0.2025253778569082,-0.1732776226910705,0.0722083389906655,-0.0325832369645388,0.0710384265038717,0.0048581267307333,5.0,4.0,3.0,2.0,1.0,0.0,1,0.0015762300823998511,2.2791821103503305e-06
18,2022-02,Awdal,0,1314,1453,Awdal,2022,2,1.647860668328938,-0.3285961509947575,7,1.2021176687602484,1.006870744127056,1.1097765445410086,0.9340698740481548,1.228973271924256,0.7921695359559568,-0.2385481742207353,-0.2628333875893948,-0.1857964102298976,0.1049327833780607,-0.0211329647167046,0.0964523893378851,6.0,5.0,4.0,3.0,2.0,1.0,1,0.0015437346539345937,2.3994904667038416e-06
19,2022-02,Bakool,2807,1315,1453,Bakool,2022,2,1.181496841814472,-0.2296161961933013,9,1.054422718993279,0.8628358039352968,0.763590676708823,0.6044369918064462,0.6976746152970774,0.6248075138843961,0.5924635795945545,0.5493644456310491,0.4191848196240749,0.1916000070509175,-0.3485112520638359,-0.2697887870619426,8.0,7.0,6.0,5.0,4.0,3.0,5,0.004103844787771367,1.453148546742117e-05
20,2022-02,Banadir,0,1316,1453,Banadir,2022,2,0.7369592798296514,0.1509704671158301,40,0.7049331248410783,0.5667227813769657,0.5885361902628039,0.4509345540601213,0.5371940598268206,0.539414389859587,0.228571289992371,0.1484880811758817,0.1338996002979504,0.0447123969255009,0.0136217027470115,0.042024655096468,39.0,38.0,37.0,36.0,35.0,34.0,61,0.002616749249414958,3.880564331333933e-06
21,2022-02,Bari,0,1317,1453,Bari,2022,2,0.5502113359432181,0.19931836669239,7,0.7348934792241926,0.852973720850748,1.120914584509283,0.7618666341491416,0.6780374270023991,0.4989048699095681,0.1059776927120519,0.0397719283588131,0.2362076364799005,0.2261675852022191,0.2405121695049659,0.2277697479176822,6.0,5.0,4.0,3.0,2.0,1.0,6,0.000943609458175678,7.594867856302728e-07
22,2022-02,Bay,4614,1318,1453,Bay,2022,2,1.1558620238130386,-0.2702868204323352,44,1.1702301978500431,1.0649904194846656,1.0880363053111974,0.8918031878183191,0.9100995182711524,0.9402329215297264,0.5430375612074938,0.4919511648267749,0.348052528216713,0.0635840777328635,-0.410537538310712,-0.3230347505415,43.0,42.0,41.0,40.0,39.0,38.0,26,0.005642326753641573,3.390487651866476e-05
23,2022-02,Galgaduud,0,1319,1453,Galgaduud,2022,2,0.7414601989933935,0.2076155167797595,7,0.5390683642379399,0.2502380206873578,0.1938626792527827,0.0339553656566295,0.3625486811329599,0.2147947276578247,0.2345477880042063,0.1107831436936235,0.1467965885013168,0.1471661595411663,0.1348486054746306,0.1442387700307299,6.0,5.0,4.0,3.0,2.0,1.0,9,0.00178343060323909,7.959132336237013e-07
25,2022-02,Hiraan,0,1321,1453,Hiraan,2022,2,0.8513738924080079,0.1342251714945293,7,0.7074664658997607,0.487568026514266,0.4014035983033094,0.2534979918103787,0.4376681087160884,0.3574909010167173,0.287697628442261,0.1834727729966705,0.1840254337699723,0.1309819575188882,0.0441621688582177,0.0709674453561464,6.0,5.0,4.0,3.0,2.0,1.0,12,0.002488200557274866,3.018602893256675e-06
26,2022-02,Lower Juba,0,1322,1453,Lower Juba,2022,2,1.1418586702350384,0.2203692287191772,164,1.2923044623514308,1.3691994487692771,1.538599996036779,1.288544843974607,1.2482534520681692,1.2395998862860445,0.6198379672550162,0.5773334109127387,0.922478870971114,0.4011303979237886,0.1488567646994079,0.0142916200682933,163.0,162.0,161.0,160.0,159.0,158.0,34,0.004275414189499781,2.5027824684501636e-05
27,2022-02,Lower Shabelle,0,1323,1453,Lower Shabelle,2022,2,0.9880664689637804,0.0631539870673694,42,0.9839379846427464,0.8769124767538071,0.951982268442661,0.7492373834195851,0.7886602955152776,0.8153566679012418,0.246131161855701,0.2108056632384981,0.1790550605294139,0.0558833163045725,-0.0565049901110351,-0.0298245782648899,41.0,40.0,39.0,38.0,37.0,36.0,52,0.0036731358257020208,1.1831238941156407e-05
28,2022-02,Middle Juba,0,1324,1453,Middle Juba,2022,2,1.1813969665573347,-0.0613051015750227,164,1.2412508889579938,1.2455684113023788,1.4102474513527814,1.1796885338849348,1.1567814956301454,1.1793327711659272,0.3711581976814715,0.3837113155695925,0.3915602231105315,0.1678835701430376,-0.0853499057597849,-0.1034422562699156,163.0,162.0,161.0,160.0,159.0,158.0,1,0.006624219420370121,5.465589429563333e-05
29,2022-02,Middle Shabelle,0,1325,1453,Middle Shabelle,2022,2,0.4448583611248862,0.1777708987015868,7,0.3808112643155104,0.2260327148969038,0.1957858774471379,0.1248510715374576,0.2564923891016407,0.2405724797560306,0.1791411821595466,0.1070071270260876,0.1171268113369072,0.0742876805249436,0.0852958225854196,0.1161113475981224,6.0,5.0,4.0,3.0,2.0,1.0,15,0.0022314676576835808,1.125518129171978e-06
30,2022-02,Mudug,0,1326,1453,Mudug,2022,2,0.6422945436739754,0.1842036176883258,4,0.453452928433778,0.1393336171746055,0.1306706375076662,-0.077514577864589,0.3372246430321975,0.1591191999452494,0.1345613667310362,0.0632129805140632,0.2036611554941206,0.226562483429295,0.2327336772430206,0.2226834906995919,3.0,2.0,1.0,0.0,2.0,1.0,5,0.0013544182908195735,2.556004016655663e-07
31,2022-02,Nugaal,0,1327,1453,Nugaal,2022,2,0.9180677454801816,0.2094031618567795,4,0.699843359740576,0.3285845914808786,0.3132471656021008,-0.0551951011854318,0.4719745375071879,0.2313344868978447,0.1139399752578671,0.0455698636885864,0.2369268966034977,0.2620036209329585,0.2754573657847433,0.2624304914273327,3.0,2.0,1.0,0.0,2.0,1.0,3,0.0011479523568293187,4.3300700474902496e-07
32,2022-02,Sanaag,0,1328,1453,Sanaag,2022,2,1.578739854612722,0.0585135955062028,7,1.2461636353679828,0.9159941792265692,0.9178172449821042,0.4777876606578908,0.9875053572566664,0.6215985475991701,0.052559376182004,0.0556622316736382,0.0991973368265734,0.1078463782343433,0.063488065981665,0.0656321122766688,6.0,5.0,4.0,3.0,2.0,1.0,2,0.001160056757004846,1.232682385197697e-06
33,2022-02,Sool,0,1329,1453,Sool,2022,2,1.5186932569831049,0.1348152190404009,7,1.1080530229873429,0.6680752325802594,0.6369192936815411,0.2434857352115295,0.8681247162395166,0.5300712860516593,0.0800894666180937,0.0468585684891949,0.1879169981718459,0.2054640465564217,0.1952241718424453,0.1818122086174714,6.0,5.0,4.0,3.0,2.0,1.0,0,0.0012754984099552702,1.0868890530558198e-06
34,2022-02,Togdheer,0,1330,1453,Togdheer,2022,2,1.758926359579594,-0.0181877567572241,7,1.1395093137598202,0.7508382147884904,0.787171135352772,0.5399053070746052,1.1163843121607335,0.703991941855914,-0.0041191792355541,-0.0213620682036838,-0.016666553010298,0.0622345030002352,-0.0025401155873642,0.0396203139508782,6.0,5.0,4.0,3.0,2.0,1.0,1,0.0015393206518505699,1.77911720861531e-06
35,2022-02,Woqooyi Galbeed,0,1331,1453,Woqooyi Galbeed,2022,2,1.7384902429898124,-0.2262913291501256,7,1.140915197240828,0.8507555628503026,0.9173600092014028,0.7252721090910278,1.1873799707452593,0.7576558003371878,-0.1729951268092957,-0.2025253778569082,-0.1732776226910705,0.0722083389906655,-0.0325832369645388,0.0710384265038717,6.0,5.0,4.0,3.0,2.0,1.0,3,0.0015762300823998511,2.113703278626058e-06
36,2022-03,Awdal,0,1332,1454,Awdal,2022,3,1.8384198458033505,-0.2755896053521825,8,1.647860668328938,1.2021176687602484,1.006870744127056,1.1097765445410086,0.9340698740481548,1.228973271924256,-0.3285961509947575,-0.2385481742207353,-0.2628333875893948,-0.1857964102298976,0.1049327833780607,-0.0211329647167046,7.0,6.0,5.0,4.0,3.0,2.0,1,0.0015437346539345937,2.864786669859259e-06
37,2022-03,Bakool,1005,1333,1454,Bakool,2022,3,1.0416475597356258,0.0678811359003665,10,1.181496841814472,1.054422718993279,0.8628358039352968,0.763590676708823,0.6044369918064462,0.6976746152970774,-0.2296161961933013,0.5924635795945545,0.5493644456310491,0.4191848196240749,0.1916000070509175,-0.3485112520638359,9.0,8.0,7.0,6.0,5.0,4.0,7,0.004103844787771367,1.775810455208991e-05
38,2022-03,Banadir,0,1334,1454,Banadir,2022,3,0.5559764535600913,0.1382044002999827,41,0.7369592798296514,0.7049331248410783,0.5667227813769657,0.5885361902628039,0.4509345540601213,0.5371940598268206,0.1509704671158301,0.228571289992371,0.1484880811758817,0.1338996002979504,0.0447123969255009,0.0136217027470115,40.0,39.0,38.0,37.0,36.0,35.0,49,0.002616749249414958,4.826942607790574e-06
39,2022-03,Bari,0,1335,1454,Bari,2022,3,0.2876765002571668,0.2093499347707191,8,0.5502113359432181,0.7348934792241926,0.852973720850748,1.120914584509283,0.7618666341491416,0.6780374270023991,0.19931836669239,0.1059776927120519,0.0397719283588131,0.2362076364799005,0.2261675852022191,0.2405121695049659,7.0,6.0,5.0,4.0,3.0,2.0,9,0.000943609458175678,6.543482790535964e-07
40,2022-03,Bay,5334,1336,1454,Bay,2022,3,0.8696776506105579,0.0550444624803402,45,1.1558620238130386,1.1702301978500431,1.0649904194846656,1.0880363053111974,0.8918031878183191,0.9100995182711524,-0.2702868204323352,0.5430375612074938,0.4919511648267749,0.348052528216713,0.0635840777328635,-0.410537538310712,44.0,43.0,42.0,41.0,40.0,39.0,15,0.005642326753641573,3.725527444248491e-05
41,2022-03,Galgaduud,0,1337,1454,Galgaduud,2022,3,0.5872532437387161,0.1787644719596218,8,0.7414601989933935,0.5390683642379399,0.2502380206873578,0.1938626792527827,0.0339553656566295,0.3625486811329599,0.2076155167797595,0.2345477880042063,0.1107831436936235,0.1467965885013168,0.1471661595411663,0.1348486054746306,7.0,6.0,5.0,4.0,3.0,2.0,11,0.00178343060323909,1.7145741632160136e-06
43,2022-03,Hiraan,0,1339,1454,Hiraan,2022,3,0.7004775718765291,0.1382000792579754,8,0.8513738924080079,0.7074664658997607,0.487568026514266,0.4014035983033094,0.2534979918103787,0.4376681087160884,0.1342251714945293,0.287697628442261,0.1834727729966705,0.1840254337699723,0.1309819575188882,0.0441621688582177,7.0,6.0,5.0,4.0,3.0,2.0,17,0.002488200557274866,4.380025359978372e-06
44,2022-03,Lower Juba,0,1340,1454,Lower Juba,2022,3,0.7771876684578174,-0.2089341710589485,165,1.1418586702350384,1.2923044623514308,1.3691994487692771,1.538599996036779,1.288544843974607,1.2482534520681692,0.2203692287191772,0.6198379672550162,0.5773334109127387,0.922478870971114,0.4011303979237886,0.1488567646994079,164.0,163.0,162.0,161.0,160.0,159.0,31,0.004275414189499781,2.3622248425386963e-05
45,2022-03,Lower Shabelle,0,1341,1454,Lower Shabelle,2022,3,0.7232692759649582,0.1053495185729729,43,0.9880664689637804,0.9839379846427464,0.8769124767538071,0.951982268442661,0.7492373834195851,0.7886602955152776,0.0631539870673694,0.246131161855701,0.2108056632384981,0.1790550605294139,0.0558833163045725,-0.0565049901110351,42.0,41.0,40.0,39.0,38.0,37.0,34,0.0036731358257020208,1.3275219258690603e-05
46,2022-03,Middle Juba,0,1342,1454,Middle Juba,2022,3,0.8444842129775667,-0.0068129799322947,165,1.1813969665573347,1.2412508889579938,1.2455684113023788,1.4102474513527814,1.1796885338849348,1.1567814956301454,-0.0613051015750227,0.3711581976814715,0.3837113155695925,0.3915602231105315,0.1678835701430376,-0.0853499057597849,164.0,163.0,162.0,161.0,160.0,159.0,0,0.006624219420370121,5.446644019360854e-05
47,2022-03,Middle Shabelle,0,1343,1454,Middle Shabelle,2022,3,0.3458029066401339,0.1275279286925687,8,0.4448583611248862,0.3808112643155104,0.2260327148969038,0.1957858774471379,0.1248510715374576,0.2564923891016407,0.1777708987015868,0.1791411821595466,0.1070071270260876,0.1171268113369072,0.0742876805249436,0.0852958225854196,7.0,6.0,5.0,4.0,3.0,2.0,10,0.0022314676576835808,1.8962298531675073e-06
48,2022-03,Mudug,0,1344,1454,Mudug,2022,3,0.470268185176852,0.1851848641184435,5,0.6422945436739754,0.453452928433778,0.1393336171746055,0.1306706375076662,-0.077514577864589,0.3372246430321975,0.1842036176883258,0.1345613667310362,0.0632129805140632,0.2036611554941206,0.226562483429295,0.2327336772430206,4.0,3.0,2.0,1.0,0.0,2.0,5,0.0013544182908195735,8.318362287175662e-07
49,2022-03,Nugaal,0,1345,1454,Nugaal,2022,3,0.6525291932788249,0.2185670737517008,5,0.9180677454801816,0.699843359740576,0.3285845914808786,0.3132471656021008,-0.0551951011854318,0.4719745375071879,0.2094031618567795,0.1139399752578671,0.0455698636885864,0.2369268966034977,0.2620036209329585,0.2754573657847433,4.0,3.0,2.0,1.0,0.0,2.0,1,0.0011479523568293187,9.222498097948573e-07
50,2022-03,Sanaag,0,1346,1454,Sanaag,2022,3,1.3239006270169915,0.0682805278398302,8,1.578739854612722,1.2461636353679828,0.9159941792265692,0.9178172449821042,0.4777876606578908,0.9875053572566664,0.0585135955062028,0.052559376182004,0.0556622316736382,0.0991973368265734,0.1078463782343433,0.063488065981665,7.0,6.0,5.0,4.0,3.0,2.0,1,0.001160056757004846,1.6770018819214365e-06
51,2022-03,Sool,0,1347,1454,Sool,2022,3,1.333713313264574,0.1441526834600773,8,1.5186932569831049,1.1080530229873429,0.6680752325802594,0.6369192936815411,0.2434857352115295,0.8681247162395166,0.1348152190404009,0.0800894666180937,0.0468585684891949,0.1879169981718459,0.2054640465564217,0.1952241718424453,7.0,6.0,5.0,4.0,3.0,2.0,1,0.0012754984099552702,1.802687245624944e-06
52,2022-03,Togdheer,0,1348,1454,Togdheer,2022,3,1.8406100524609743,-0.0063136829405922,8,1.758926359579594,1.1395093137598202,0.7508382147884904,0.787171135352772,0.5399053070746052,1.1163843121607335,-0.0181877567572241,-0.0041191792355541,-0.0213620682036838,-0.016666553010298,0.0622345030002352,-0.0025401155873642,7.0,6.0,5.0,4.0,3.0,2.0,0,0.0015393206518505699,2.7000765138980184e-06
53,2022-03,Woqooyi Galbeed,0,1349,1454,Woqooyi Galbeed,2022,3,1.9256720267282188,-0.1846413737585071,8,1.7384902429898124,1.140915197240828,0.8507555628503026,0.9173600092014028,0.7252721090910278,1.1873799707452593,-0.2262913291501256,-0.1729951268092957,-0.2025253778569082,-0.1732776226910705,0.0722083389906655,-0.0325832369645388,7.0,6.0,5.0,4.0,3.0,2.0,0,0.0015762300823998511,2.834605259544529e-06
54,2022-04,Awdal,0,1350,1455,Awdal,2022,4,1.7803344194653088,-0.0270016073756892,9,1.8384198458033505,1.647860668328938,1.2021176687602484,1.006870744127056,1.1097765445410086,0.9340698740481548,-0.2755896053521825,-0.3285961509947575,-0.2385481742207353,-0.2628333875893948,-0.1857964102298976,0.1049327833780607,8.0,7.0,6.0,5.0,4.0,3.0,0,0.0015437346539345937,3.927044247908502e-06
55,2022-04,Bakool,416,1351,1455,Bakool,2022,4,0.9876206429961768,1.0477289102449832,11,1.0416475597356258,1.181496841814472,1.054422718993279,0.8628358039352968,0.763590676708823,0.6044369918064462,0.0678811359003665,-0.2296161961933013,0.5924635795945545,0.5493644456310491,0.4191848196240749,0.1916000070509175,10.0,9.0,8.0,7.0,6.0,5.0,8,0.004103844787771367,1.9898228734048326e-05
56,2022-04,Banadir,0,1352,1455,Banadir,2022,4,0.6877655485701168,0.3123612367439993,42,0.5559764535600913,0.7369592798296514,0.7049331248410783,0.5667227813769657,0.5885361902628039,0.4509345540601213,0.1382044002999827,0.1509704671158301,0.228571289992371,0.1484880811758817,0.1338996002979504,0.0447123969255009,41.0,40.0,39.0,38.0,37.0,36.0,85,0.002616749249414958,5.04623775314624e-06
57,2022-04,Bari,0,1353,1455,Bari,2022,4,0.1840005142358764,0.2286141569994982,9,0.2876765002571668,0.5502113359432181,0.7348934792241926,0.852973720850748,1.120914584509283,0.7618666341491416,0.2093499347707191,0.19931836669239,0.1059776927120519,0.0397719283588131,0.2362076364799005,0.2261675852022191,8.0,7.0,6.0,5.0,4.0,3.0,2,0.000943609458175678,4.899075185294866e-07
58,2022-04,Bay,910,1354,1455,Bay,2022,4,0.9878518872665276,0.9828797309496704,46,0.8696776506105579,1.1558620238130386,1.1702301978500431,1.0649904194846656,1.0880363053111974,0.8918031878183191,0.0550444624803402,-0.2702868204323352,0.5430375612074938,0.4919511648267749,0.348052528216713,0.0635840777328635,45.0,44.0,43.0,42.0,41.0,40.0,22,0.005642326753641573,3.679785139190099e-05
59,2022-04,Galgaduud,0,1355,1455,Galgaduud,2022,4,0.4216031332743106,0.2305549447788159,9,0.5872532437387161,0.7414601989933935,0.5390683642379399,0.2502380206873578,0.1938626792527827,0.0339553656566295,0.1787644719596218,0.2076155167797595,0.2345477880042063,0.1107831436936235,0.1467965885013168,0.1471661595411663,8.0,7.0,6.0,5.0,4.0,3.0,12,0.00178343060323909,2.358306635271109e-06
61,2022-04,Hiraan,0,1357,1455,Hiraan,2022,4,0.6193872592895215,0.3369761194113926,9,0.7004775718765291,0.8513738924080079,0.7074664658997607,0.487568026514266,0.4014035983033094,0.2534979918103787,0.1382000792579754,0.1342251714945293,0.287697628442261,0.1834727729966705,0.1840254337699723,0.1309819575188882,8.0,7.0,6.0,5.0,4.0,3.0,8,0.002488200557274866,5.270976674248376e-06
62,2022-04,Lower Juba,9,1358,1455,Lower Juba,2022,4,1.0435168369666117,0.297939702500302,166,0.7771876684578174,1.1418586702350384,1.2923044623514308,1.3691994487692771,1.538599996036779,1.288544843974607,-0.2089341710589485,0.2203692287191772,0.6198379672550162,0.5773334109127387,0.922478870971114,0.4011303979237886,165.0,164.0,163.0,162.0,161.0,160.0,34,0.004275414189499781,2.0872224743304295e-05
63,2022-04,Lower Shabelle,0,1359,1455,Lower Shabelle,2022,4,0.9361413126857788,0.3927514916737379,44,0.7232692759649582,0.9880664689637804,0.9839379846427464,0.8769124767538071,0.951982268442661,0.7492373834195851,0.1053495185729729,0.0631539870673694,0.246131161855701,0.2108056632384981,0.1790550605294139,0.0558833163045725,43.0,42.0,41.0,40.0,39.0,38.0,65,0.0036731358257020208,1.33309204669204e-05
64,2022-04,Middle Juba,15,1360,1455,Middle Juba,2022,4,1.1072467365474403,0.5348164062675216,166,0.8444842129775667,1.1813969665573347,1.2412508889579938,1.2455684113023788,1.4102474513527814,1.1796885338849348,-0.0068129799322947,-0.0613051015750227,0.3711581976814715,0.3837113155695925,0.3915602231105315,0.1678835701430376,165.0,164.0,163.0,162.0,161.0,160.0,0,0.006624219420370121,5.184003314424472e-05
65,2022-04,Middle Shabelle,0,1361,1455,Middle Shabelle,2022,4,0.3868740198117563,0.1604904314189245,9,0.3458029066401339,0.4448583611248862,0.3808112643155104,0.2260327148969038,0.1957858774471379,0.1248510715374576,0.1275279286925687,0.1777708987015868,0.1791411821595466,0.1070071270260876,0.1171268113369072,0.0742876805249436,8.0,7.0,6.0,5.0,4.0,3.0,16,0.0022314676576835808,2.2151490353428157e-06
66,2022-04,Mudug,0,1362,1455,Mudug,2022,4,0.289195357503746,0.206812766290127,6,0.470268185176852,0.6422945436739754,0.453452928433778,0.1393336171746055,0.1306706375076662,-0.077514577864589,0.1851848641184435,0.1842036176883258,0.1345613667310362,0.0632129805140632,0.2036611554941206,0.226562483429295,5.0,4.0,3.0,2.0,1.0,0.0,11,0.0013544182908195735,1.1782565232978894e-06
67,2022-04,Nugaal,0,1363,1455,Nugaal,2022,4,0.4122904085438447,0.2327581681835263,6,0.6525291932788249,0.9180677454801816,0.699843359740576,0.3285845914808786,0.3132471656021008,-0.0551951011854318,0.2185670737517008,0.2094031618567795,0.1139399752578671,0.0455698636885864,0.2369268966034977,0.2620036209329585,5.0,4.0,3.0,2.0,1.0,0.0,2,0.0011479523568293187,1.2098247298677642e-06
68,2022-04,Sanaag,0,1364,1455,Sanaag,2022,4,1.065478509501933,0.1171255351652517,9,1.3239006270169915,1.578739854612722,1.2461636353679828,0.9159941792265692,0.9178172449821042,0.4777876606578908,0.0682805278398302,0.0585135955062028,0.052559376182004,0.0556622316736382,0.0991973368265734,0.1078463782343433,8.0,7.0,6.0,5.0,4.0,3.0,0,0.001160056757004846,2.1245602359983073e-06
69,2022-04,Sool,0,1365,1455,Sool,2022,4,1.068230230706242,0.1800478135959616,9,1.333713313264574,1.5186932569831049,1.1080530229873429,0.6680752325802594,0.6369192936815411,0.2434857352115295,0.1441526834600773,0.1348152190404009,0.0800894666180937,0.0468585684891949,0.1879169981718459,0.2054640465564217,8.0,7.0,6.0,5.0,4.0,3.0,1,0.0012754984099552702,2.4707562793331427e-06
70,2022-04,Togdheer,0,1366,1455,Togdheer,2022,4,1.6895854528329388,0.0996006011724358,9,1.8406100524609743,1.758926359579594,1.1395093137598202,0.7508382147884904,0.787171135352772,0.5399053070746052,-0.0063136829405922,-0.0181877567572241,-0.0041191792355541,-0.0213620682036838,-0.016666553010298,0.0622345030002352,8.0,7.0,6.0,5.0,4.0,3.0,0,0.0015393206518505699,4.167790202176462e-06
71,2022-04,Woqooyi Galbeed,0,1367,1455,Woqooyi Galbeed,2022,4,1.8417231990864995,0.0201744089763871,9,1.9256720267282188,1.7384902429898124,1.140915197240828,0.8507555628503026,0.9173600092014028,0.7252721090910278,-0.1846413737585071,-0.2262913291501256,-0.1729951268092957,-0.2025253778569082,-0.1732776226910705,0.0722083389906655,8.0,7.0,6.0,5.0,4.0,3.0,1,0.0015762300823998511,4.319281221219078e-06
72,2022-05,Awdal,0,1368,1456,Awdal,2022,5,1.886813156576578,-0.1987607378766393,10,1.7803344194653088,1.8384198458033505,1.647860668328938,1.2021176687602484,1.006870744127056,1.1097765445410086,-0.0270016073756892,-0.2755896053521825,-0.3285961509947575,-0.2385481742207353,-0.2628333875893948,-0.1857964102298976,9.0,8.0,7.0,6.0,5.0,4.0,1,0.0015437346539345937,4.381169002609964e-06
73,2022-05,Bakool,254,1369,1456,Bakool,2022,5,1.0434561632383537,1.2278327487852403,12,0.9876206429961768,1.0416475597356258,1.181496841814472,1.054422718993279,0.8628358039352968,0.763590676708823,1.0477289102449832,0.0678811359003665,-0.2296161961933013,0.5924635795945545,0.5493644456310491,0.4191848196240749,11.0,10.0,9.0,8.0,7.0,6.0,14,0.004103844787771367,1.7542951170357388e-05
74,2022-05,Banadir,0,1370,1456,Banadir,2022,5,0.7217076626135641,0.2818231374256966,43,0.6877655485701168,0.5559764535600913,0.7369592798296514,0.7049331248410783,0.5667227813769657,0.5885361902628039,0.3123612367439993,0.1382044002999827,0.1509704671158301,0.228571289992371,0.1484880811758817,0.1338996002979504,42.0,41.0,40.0,39.0,38.0,37.0,53,0.002616749249414958,3.806980177335991e-06
75,2022-05,Bari,0,1371,1456,Bari,2022,5,0.6916857142008704,0.1496659710589757,10,0.1840005142358764,0.2876765002571668,0.5502113359432181,0.7348934792241926,0.852973720850748,1.120914584509283,0.2286141569994982,0.2093499347707191,0.19931836669239,0.1059776927120519,0.0397719283588131,0.2362076364799005,9.0,8.0,7.0,6.0,5.0,4.0,2,0.000943609458175678,2.5614681336696464e-07
76,2022-05,Bay,1439,1372,1456,Bay,2022,5,1.1507258632996886,1.1606504109671785,47,0.9878518872665276,0.8696776506105579,1.1558620238130386,1.1702301978500431,1.0649904194846656,1.0880363053111974,0.9828797309496704,0.0550444624803402,-0.2702868204323352,0.5430375612074938,0.4919511648267749,0.348052528216713,46.0,45.0,44.0,43.0,42.0,41.0,20,0.005642326753641573,2.768692827233269e-05
77,2022-05,Galgaduud,0,1373,1456,Galgaduud,2022,5,0.4631503909408606,0.1161804650243324,10,0.4216031332743106,0.5872532437387161,0.7414601989933935,0.5390683642379399,0.2502380206873578,0.1938626792527827,0.2305549447788159,0.1787644719596218,0.2076155167797595,0.2345477880042063,0.1107831436936235,0.1467965885013168,9.0,8.0,7.0,6.0,5.0,4.0,11,0.00178343060323909,1.8678321819211173e-06
79,2022-05,Hiraan,0,1375,1456,Hiraan,2022,5,0.6510893238917685,0.2826603868611642,10,0.6193872592895215,0.7004775718765291,0.8513738924080079,0.7074664658997607,0.487568026514266,0.4014035983033094,0.3369761194113926,0.1382000792579754,0.1342251714945293,0.287697628442261,0.1834727729966705,0.1840254337699723,9.0,8.0,7.0,6.0,5.0,4.0,16,0.002488200557274866,4.33675612456518e-06
80,2022-05,Lower Juba,0,1376,1456,Lower Juba,2022,5,1.25454705739839,0.2008982062365125,167,1.0435168369666117,0.7771876684578174,1.1418586702350384,1.2923044623514308,1.3691994487692771,1.538599996036779,0.297939702500302,-0.2089341710589485,0.2203692287191772,0.6198379672550162,0.5773334109127387,0.922478870971114,166.0,165.0,164.0,163.0,162.0,161.0,23,0.004275414189499781,1.4206342787095705e-05
81,2022-05,Lower Shabelle,0,1377,1456,Lower Shabelle,2022,5,1.0354571679862834,0.423230290156008,45,0.9361413126857788,0.7232692759649582,0.9880664689637804,0.9839379846427464,0.8769124767538071,0.951982268442661,0.3927514916737379,0.1053495185729729,0.0631539870673694,0.246131161855701,0.2108056632384981,0.1790550605294139,44.0,43.0,42.0,41.0,40.0,39.0,83,0.0036731358257020208,9.75829612370886e-06
82,2022-05,Middle Juba,151,1378,1456,Middle Juba,2022,5,1.322332947935933,0.5964920496632677,167,1.1072467365474403,0.8444842129775667,1.1813969665573347,1.2412508889579938,1.2455684113023788,1.4102474513527814,0.5348164062675216,-0.0068129799322947,-0.0613051015750227,0.3711581976814715,0.3837113155695925,0.3915602231105315,166.0,165.0,164.0,163.0,162.0,161.0,0,0.006624219420370121,3.705620619470574e-05
83,2022-05,Middle Shabelle,0,1379,1456,Middle Shabelle,2022,5,0.3707743962975676,0.1191719012981683,10,0.3868740198117563,0.3458029066401339,0.4448583611248862,0.3808112643155104,0.2260327148969038,0.1957858774471379,0.1604904314189245,0.1275279286925687,0.1777708987015868,0.1791411821595466,0.1070071270260876,0.1171268113369072,9.0,8.0,7.0,6.0,5.0,4.0,26,0.0022314676576835808,1.7219075598032695e-06
84,2022-05,Mudug,0,1380,1456,Mudug,2022,5,0.4076609736425814,0.1254141935297253,7,0.289195357503746,0.470268185176852,0.6422945436739754,0.453452928433778,0.1393336171746055,0.1306706375076662,0.206812766290127,0.1851848641184435,0.1842036176883258,0.1345613667310362,0.0632129805140632,0.2036611554941206,6.0,5.0,4.0,3.0,2.0,1.0,4,0.0013544182908195735,8.626829580625263e-07
85,2022-05,Nugaal,0,1381,1456,Nugaal,2022,5,0.6506349595730728,0.1513611822568351,7,0.4122904085438447,0.6525291932788249,0.9180677454801816,0.699843359740576,0.3285845914808786,0.3132471656021008,0.2327581681835263,0.2185670737517008,0.2094031618567795,0.1139399752578671,0.0455698636885864,0.2369268966034977,6.0,5.0,4.0,3.0,2.0,1.0,1,0.0011479523568293187,8.598994560869541e-07
86,2022-05,Sanaag,0,1382,1456,Sanaag,2022,5,1.371820087250021,0.1223724369518897,10,1.065478509501933,1.3239006270169915,1.578739854612722,1.2461636353679828,0.9159941792265692,0.9178172449821042,0.1171255351652517,0.0682805278398302,0.0585135955062028,0.052559376182004,0.0556622316736382,0.0991973368265734,9.0,8.0,7.0,6.0,5.0,4.0,0,0.001160056757004846,1.7816150142504046e-06
87,2022-05,Sool,0,1383,1456,Sool,2022,5,1.2417663882771746,0.1334049522420888,10,1.068230230706242,1.333713313264574,1.5186932569831049,1.1080530229873429,0.6680752325802594,0.6369192936815411,0.1800478135959616,0.1441526834600773,0.1348152190404009,0.0800894666180937,0.0468585684891949,0.1879169981718459,9.0,8.0,7.0,6.0,5.0,4.0,4,0.0012754984099552702,2.1698131129684184e-06
88,2022-05,Togdheer,0,1384,1456,Togdheer,2022,5,1.7651103595901805,0.0679425341814492,10,1.6895854528329388,1.8406100524609743,1.758926359579594,1.1395093137598202,0.7508382147884904,0.787171135352772,0.0996006011724358,-0.0063136829405922,-0.0181877567572241,-0.0041191792355541,-0.0213620682036838,-0.016666553010298,9.0,8.0,7.0,6.0,5.0,4.0,0,0.0015393206518505699,4.361340371582063e-06
89,2022-05,Woqooyi Galbeed,0,1385,1456,Woqooyi Galbeed,2022,5,1.9629168714456449,-0.100647333630275,10,1.8417231990864995,1.9256720267282188,1.7384902429898124,1.140915197240828,0.8507555628503026,0.9173600092014028,0.0201744089763871,-0.1846413737585071,-0.2262913291501256,-0.1729951268092957,-0.2025253778569082,-0.1732776226910705,9.0,8.0,7.0,6.0,5.0,4.0,4,0.0015762300823998511,4.784334601136337e-06
90,2022-06,Awdal,0,1386,1457,Awdal,2022,6,1.575111795168768,0.5439235752321407,11,1.886813156576578,1.7803344194653088,1.8384198458033505,1.647860668328938,1.2021176687602484,1.006870744127056,-0.1987607378766393,-0.0270016073756892,-0.2755896053521825,-0.3285961509947575,-0.2385481742207353,-0.2628333875893948,10.0,9.0,8.0,7.0,6.0,5.0,0,0.0015437346539345937,4.242744654136718e-06
91,2022-06,Bakool,1515,1387,1457,Bakool,2022,6,0.8803796395573933,1.4259744997095294,13,1.0434561632383537,0.9876206429961768,1.0416475597356258,1.181496841814472,1.054422718993279,0.8628358039352968,1.2278327487852403,1.0477289102449832,0.0678811359003665,-0.2296161961933013,0.5924635795945545,0.5493644456310491,12.0,11.0,10.0,9.0,8.0,7.0,3,0.004103844787771367,1.6633054580683934e-05
92,2022-06,Banadir,0,1388,1457,Banadir,2022,6,0.623866184983025,0.308030018580379,44,0.7217076626135641,0.6877655485701168,0.5559764535600913,0.7369592798296514,0.7049331248410783,0.5667227813769657,0.2818231374256966,0.3123612367439993,0.1382044002999827,0.1509704671158301,0.228571289992371,0.1484880811758817,43.0,42.0,41.0,40.0,39.0,38.0,60,0.002616749249414958,4.709389747164994e-06
93,2022-06,Bari,0,1389,1457,Bari,2022,6,0.952232144254548,0.0706698813813843,11,0.6916857142008704,0.1840005142358764,0.2876765002571668,0.5502113359432181,0.7348934792241926,0.852973720850748,0.1496659710589757,0.2286141569994982,0.2093499347707191,0.19931836669239,0.1059776927120519,0.0397719283588131,10.0,9.0,8.0,7.0,6.0,5.0,6,0.000943609458175678,1.6383383883379399e-07
94,2022-06,Bay,2214,1390,1457,Bay,2022,6,0.9595208420211104,1.395390762725958,48,1.1507258632996886,0.9878518872665276,0.8696776506105579,1.1558620238130386,1.1702301978500431,1.0649904194846656,1.1606504109671785,0.9828797309496704,0.0550444624803402,-0.2702868204323352,0.5430375612074938,0.4919511648267749,47.0,46.0,45.0,44.0,43.0,42.0,29,0.005642326753641573,3.1449105685578246e-05
95,2022-06,Galgaduud,0,1391,1457,Galgaduud,2022,6,0.4349281632976018,0.1307951821822435,11,0.4631503909408606,0.4216031332743106,0.5872532437387161,0.7414601989933935,0.5390683642379399,0.2502380206873578,0.1161804650243324,0.2305549447788159,0.1787644719596218,0.2076155167797595,0.2345477880042063,0.1107831436936235,10.0,9.0,8.0,7.0,6.0,5.0,7,0.00178343060323909,1.3409613462755205e-06
97,2022-06,Hiraan,0,1393,1457,Hiraan,2022,6,0.5755233076266698,0.3389528594931721,11,0.6510893238917685,0.6193872592895215,0.7004775718765291,0.8513738924080079,0.7074664658997607,0.487568026514266,0.2826603868611642,0.3369761194113926,0.1382000792579754,0.1342251714945293,0.287697628442261,0.1834727729966705,10.0,9.0,8.0,7.0,6.0,5.0,11,0.002488200557274866,3.834714483442376e-06
98,2022-06,Lower Juba,0,1394,1457,Lower Juba,2022,6,1.134123229561797,0.3606330115616553,168,1.25454705739839,1.0435168369666117,0.7771876684578174,1.1418586702350384,1.2923044623514308,1.3691994487692771,0.2008982062365125,0.297939702500302,-0.2089341710589485,0.2203692287191772,0.6198379672550162,0.5773334109127387,167.0,166.0,165.0,164.0,163.0,162.0,26,0.004275414189499781,1.9074617999884242e-05
99,2022-06,Lower Shabelle,0,1395,1457,Lower Shabelle,2022,6,0.8649962053635603,0.461263706972635,46,1.0354571679862834,0.9361413126857788,0.7232692759649582,0.9880664689637804,0.9839379846427464,0.8769124767538071,0.423230290156008,0.3927514916737379,0.1053495185729729,0.0631539870673694,0.246131161855701,0.2108056632384981,45.0,44.0,43.0,42.0,41.0,40.0,60,0.0036731358257020208,1.2630350059647703e-05
100,2022-06,Middle Juba,113,1396,1457,Middle Juba,2022,6,1.078014007931302,0.7407264835140419,168,1.322332947935933,1.1072467365474403,0.8444842129775667,1.1813969665573347,1.2412508889579938,1.2455684113023788,0.5964920496632677,0.5348164062675216,-0.0068129799322947,-0.0613051015750227,0.3711581976814715,0.3837113155695925,167.0,166.0,165.0,164.0,163.0,162.0,0,0.006624219420370121,4.858630007214465e-05
101,2022-06,Middle Shabelle,0,1397,1457,Middle Shabelle,2022,6,0.3507123137345554,0.1315503268166041,11,0.3707743962975676,0.3868740198117563,0.3458029066401339,0.4448583611248862,0.3808112643155104,0.2260327148969038,0.1191719012981683,0.1604904314189245,0.1275279286925687,0.1777708987015868,0.1791411821595466,0.1070071270260876,10.0,9.0,8.0,7.0,6.0,5.0,12,0.0022314676576835808,1.9264190283356867e-06
102,2022-06,Mudug,0,1398,1457,Mudug,2022,6,0.4211406960077583,0.0819431363861612,8,0.4076609736425814,0.289195357503746,0.470268185176852,0.6422945436739754,0.453452928433778,0.1393336171746055,0.1254141935297253,0.206812766290127,0.1851848641184435,0.1842036176883258,0.1345613667310362,0.0632129805140632,7.0,6.0,5.0,4.0,3.0,2.0,3,0.0013544182908195735,5.305141073395363e-07
103,2022-06,Nugaal,0,1399,1457,Nugaal,2022,6,0.6776988453292393,0.0693517405097075,8,0.6506349595730728,0.4122904085438447,0.6525291932788249,0.9180677454801816,0.699843359740576,0.3285845914808786,0.1513611822568351,0.2327581681835263,0.2185670737517008,0.2094031618567795,0.1139399752578671,0.0455698636885864,7.0,6.0,5.0,4.0,3.0,2.0,3,0.0011479523568293187,5.433140795974023e-07
104,2022-06,Sanaag,0,1400,1457,Sanaag,2022,6,1.293341217116362,0.0720599053750126,11,1.371820087250021,1.065478509501933,1.3239006270169915,1.578739854612722,1.2461636353679828,0.9159941792265692,0.1223724369518897,0.1171255351652517,0.0682805278398302,0.0585135955062028,0.052559376182004,0.0556622316736382,10.0,9.0,8.0,7.0,6.0,5.0,0,0.001160056757004846,1.4338481840339993e-06
105,2022-06,Sool,0,1401,1457,Sool,2022,6,1.1013815909274196,0.0684393251058053,11,1.2417663882771746,1.068230230706242,1.333713313264574,1.5186932569831049,1.1080530229873429,0.6680752325802594,0.1334049522420888,0.1800478135959616,0.1441526834600773,0.1348152190404009,0.0800894666180937,0.0468585684891949,10.0,9.0,8.0,7.0,6.0,5.0,3,0.0012754984099552702,1.7378996964363957e-06
106,2022-06,Togdheer,0,1402,1457,Togdheer,2022,6,1.4167228706674786,0.1313343548371887,11,1.7651103595901805,1.6895854528329388,1.8406100524609743,1.758926359579594,1.1395093137598202,0.7508382147884904,0.0679425341814492,0.0996006011724358,-0.0063136829405922,-0.0181877567572241,-0.0041191792355541,-0.0213620682036838,10.0,9.0,8.0,7.0,6.0,5.0,0,0.0015393206518505699,4.00348636411367e-06
107,2022-06,Woqooyi Galbeed,0,1403,1457,Woqooyi Galbeed,2022,6,1.5986634929318104,0.4397651578671362,11,1.9629168714456449,1.8417231990864995,1.9256720267282188,1.7384902429898124,1.140915197240828,0.8507555628503026,-0.100647333630275,0.0201744089763871,-0.1846413737585071,-0.2262913291501256,-0.1729951268092957,-0.2025253778569082,10.0,9.0,8.0,7.0,6.0,5.0,5,0.0015762300823998511,4.575763632021983e-06
108,2022-07,Awdal,0,1404,1458,Awdal,2022,7,1.3406469041262354,0.5210618943797205,12,1.575111795168768,1.886813156576578,1.7803344194653088,1.8384198458033505,1.647860668328938,1.2021176687602484,0.5439235752321407,-0.1987607378766393,-0.0270016073756892,-0.2755896053521825,-0.3285961509947575,-0.2385481742207353,11.0,10.0,9.0,8.0,7.0,6.0,0,0.0015437346539345937,4.496495908799169e-06
109,2022-07,Bakool,4124,1405,1458,Bakool,2022,7,0.7805184021970233,1.099043770619714,14,0.8803796395573933,1.0434561632383537,0.9876206429961768,1.0416475597356258,1.181496841814472,1.054422718993279,1.4259744997095294,1.2278327487852403,1.0477289102449832,0.0678811359003665,-0.2296161961933013,0.5924635795945545,13.0,12.0,11.0,10.0,9.0,8.0,11,0.004103844787771367,1.75734108422861e-05
110,2022-07,Banadir,0,1406,1458,Banadir,2022,7,0.5970212339719152,0.2815789488489406,45,0.623866184983025,0.7217076626135641,0.6877655485701168,0.5559764535600913,0.7369592798296514,0.7049331248410783,0.308030018580379,0.2818231374256966,0.3123612367439993,0.1382044002999827,0.1509704671158301,0.228571289992371,44.0,43.0,42.0,41.0,40.0,39.0,55,0.002616749249414958,4.941804185785307e-06
111,2022-07,Bari,0,1407,1458,Bari,2022,7,1.1142886218204973,0.0505982620253739,12,0.952232144254548,0.6916857142008704,0.1840005142358764,0.2876765002571668,0.5502113359432181,0.7348934792241926,0.0706698813813843,0.1496659710589757,0.2286141569994982,0.2093499347707191,0.19931836669239,0.1059776927120519,11.0,10.0,9.0,8.0,7.0,6.0,5,0.000943609458175678,6.158761365131428e-07
112,2022-07,Bay,4974,1408,1458,Bay,2022,7,0.9059543679060416,1.0405778747236625,49,0.9595208420211104,1.1507258632996886,0.9878518872665276,0.8696776506105579,1.1558620238130386,1.1702301978500431,1.395390762725958,1.1606504109671785,0.9828797309496704,0.0550444624803402,-0.2702868204323352,0.5430375612074938,48.0,47.0,46.0,45.0,44.0,43.0,9,0.005642326753641573,3.6634337350085064e-05
113,2022-07,Galgaduud,0,1409,1458,Galgaduud,2022,7,0.4713449012957401,0.1600157980422307,12,0.4349281632976018,0.4631503909408606,0.4216031332743106,0.5872532437387161,0.7414601989933935,0.5390683642379399,0.1307951821822435,0.1161804650243324,0.2305549447788159,0.1787644719596218,0.2076155167797595,0.2345477880042063,11.0,10.0,9.0,8.0,7.0,6.0,7,0.00178343060323909,1.4731075809154411e-06
115,2022-07,Hiraan,0,1411,1458,Hiraan,2022,7,0.5523208132377689,0.3060571308046725,12,0.5755233076266698,0.6510893238917685,0.6193872592895215,0.7004775718765291,0.8513738924080079,0.7074664658997607,0.3389528594931721,0.2826603868611642,0.3369761194113926,0.1382000792579754,0.1342251714945293,0.287697628442261,11.0,10.0,9.0,8.0,7.0,6.0,14,0.002488200557274866,4.030986467507255e-06
116,2022-07,Lower Juba,0,1412,1458,Lower Juba,2022,7,0.9941731616157978,0.4166346810696427,169,1.134123229561797,1.25454705739839,1.0435168369666117,0.7771876684578174,1.1418586702350384,1.2923044623514308,0.3606330115616553,0.2008982062365125,0.297939702500302,-0.2089341710589485,0.2203692287191772,0.6198379672550162,168.0,167.0,166.0,165.0,164.0,163.0,23,0.004275414189499781,2.293207453395292e-05
117,2022-07,Lower Shabelle,0,1413,1458,Lower Shabelle,2022,7,0.7988230513331348,0.3821629900670506,47,0.8649962053635603,1.0354571679862834,0.9361413126857788,0.7232692759649582,0.9880664689637804,0.9839379846427464,0.461263706972635,0.423230290156008,0.3927514916737379,0.1053495185729729,0.0631539870673694,0.246131161855701,46.0,45.0,44.0,43.0,42.0,41.0,40,0.0036731358257020208,1.3970312308851135e-05
118,2022-07,Middle Juba,613,1414,1458,Middle Juba,2022,7,0.966723473758015,0.6013496418975428,169,1.078014007931302,1.322332947935933,1.1072467365474403,0.8444842129775667,1.1813969665573347,1.2412508889579938,0.7407264835140419,0.5964920496632677,0.5348164062675216,-0.0068129799322947,-0.0613051015750227,0.3711581976814715,168.0,167.0,166.0,165.0,164.0,163.0,0,0.006624219420370121,5.802434388204329e-05
119,2022-07,Middle Shabelle,0,1415,1458,Middle Shabelle,2022,7,0.3705550462219134,0.1389541660136587,12,0.3507123137345554,0.3707743962975676,0.3868740198117563,0.3458029066401339,0.4448583611248862,0.3808112643155104,0.1315503268166041,0.1191719012981683,0.1604904314189245,0.1275279286925687,0.1777708987015868,0.1791411821595466,11.0,10.0,9.0,8.0,7.0,6.0,16,0.0022314676576835808,1.8462517917198378e-06
120,2022-07,Mudug,0,1416,1458,Mudug,2022,7,0.521905031705108,0.103863217891218,9,0.4211406960077583,0.4076609736425814,0.289195357503746,0.470268185176852,0.6422945436739754,0.453452928433778,0.0819431363861612,0.1254141935297253,0.206812766290127,0.1851848641184435,0.1842036176883258,0.1345613667310362,8.0,7.0,6.0,5.0,4.0,3.0,4,0.0013544182908195735,7.478332273240554e-07
121,2022-07,Nugaal,0,1417,1458,Nugaal,2022,7,0.7790108908616197,0.085264552944247,9,0.6776988453292393,0.6506349595730728,0.4122904085438447,0.6525291932788249,0.9180677454801816,0.699843359740576,0.0693517405097075,0.1513611822568351,0.2327581681835263,0.2185670737517008,0.2094031618567795,0.1139399752578671,8.0,7.0,6.0,5.0,4.0,3.0,0,0.0011479523568293187,8.574032451127092e-07
122,2022-07,Sanaag,0,1418,1458,Sanaag,2022,7,1.2887754365391608,0.070942014449155,12,1.293341217116362,1.371820087250021,1.065478509501933,1.3239006270169915,1.578739854612722,1.2461636353679828,0.0720599053750126,0.1223724369518897,0.1171255351652517,0.0682805278398302,0.0585135955062028,0.052559376182004,11.0,10.0,9.0,8.0,7.0,6.0,0,0.001160056757004846,1.8461017499492197e-06
123,2022-07,Sool,0,1419,1458,Sool,2022,7,1.0406200849158496,0.0766489090707046,12,1.1013815909274196,1.2417663882771746,1.068230230706242,1.333713313264574,1.5186932569831049,1.1080530229873429,0.0684393251058053,0.1334049522420888,0.1800478135959616,0.1441526834600773,0.1348152190404009,0.0800894666180937,11.0,10.0,9.0,8.0,7.0,6.0,1,0.0012754984099552702,2.0202250106749493e-06
124,2022-07,Togdheer,0,1420,1458,Togdheer,2022,7,1.2383541308931951,0.136226451532739,12,1.4167228706674786,1.7651103595901805,1.6895854528329388,1.8406100524609743,1.758926359579594,1.1395093137598202,0.1313343548371887,0.0679425341814492,0.0996006011724358,-0.0063136829405922,-0.0181877567572241,-0.0041191792355541,11.0,10.0,9.0,8.0,7.0,6.0,1,0.0015393206518505699,4.182443240101564e-06
125,2022-07,Woqooyi Galbeed,0,1421,1458,Woqooyi Galbeed,2022,7,1.3824729436226897,0.4174636839964853,12,1.5986634929318104,1.9629168714456449,1.8417231990864995,1.9256720267282188,1.7384902429898124,1.140915197240828,0.4397651578671362,-0.100647333630275,0.0201744089763871,-0.1846413737585071,-0.2262913291501256,-0.1729951268092957,11.0,10.0,9.0,8.0,7.0,6.0,2,0.0015762300823998511,4.87686946523689e-06
126,2022-08,Awdal,0,1422,1459,Awdal,2022,8,0.838705021975182,0.3834567608351421,13,1.3406469041262354,1.575111795168768,1.886813156576578,1.7803344194653088,1.8384198458033505,1.647860668328938,0.5210618943797205,0.5439235752321407,-0.1987607378766393,-0.0270016073756892,-0.2755896053521825,-0.3285961509947575,12.0,11.0,10.0,9.0,8.0,7.0,1,0.0015437346539345937,3.753675194701363e-06
127,2022-08,Bakool,2321,1423,1459,Bakool,2022,8,0.6002632401813129,-0.0109836297318766,15,0.7805184021970233,0.8803796395573933,1.0434561632383537,0.9876206429961768,1.0416475597356258,1.181496841814472,1.099043770619714,1.4259744997095294,1.2278327487852403,1.0477289102449832,0.0678811359003665,-0.2296161961933013,14.0,13.0,12.0,11.0,10.0,9.0,11,0.004103844787771367,1.482695071263072e-05
128,2022-08,Banadir,0,1424,1459,Banadir,2022,8,0.4346307868294446,0.0928336315269926,46,0.5970212339719152,0.623866184983025,0.7217076626135641,0.6877655485701168,0.5559764535600913,0.7369592798296514,0.2815789488489406,0.308030018580379,0.2818231374256966,0.3123612367439993,0.1382044002999827,0.1509704671158301,45.0,44.0,43.0,42.0,41.0,40.0,81,0.002616749249414958,4.271846737991223e-06
129,2022-08,Bari,0,1425,1459,Bari,2022,8,1.1990605443915,0.2277697479176822,13,1.1142886218204973,0.952232144254548,0.6916857142008704,0.1840005142358764,0.2876765002571668,0.5502113359432181,0.0505982620253739,0.0706698813813843,0.1496659710589757,0.2286141569994982,0.2093499347707191,0.19931836669239,12.0,11.0,10.0,9.0,8.0,7.0,2,0.000943609458175678,8.478663676676796e-07
130,2022-08,Bay,5308,1426,1459,Bay,2022,8,0.7284675593670262,-0.0306066357808903,50,0.9059543679060416,0.9595208420211104,1.1507258632996886,0.9878518872665276,0.8696776506105579,1.1558620238130386,1.0405778747236625,1.395390762725958,1.1606504109671785,0.9828797309496704,0.0550444624803402,-0.2702868204323352,49.0,48.0,47.0,46.0,45.0,44.0,33,0.005642326753641573,3.054716274495032e-05
131,2022-08,Galgaduud,0,1427,1459,Galgaduud,2022,8,0.445266813894597,0.1442387700307299,13,0.4713449012957401,0.4349281632976018,0.4631503909408606,0.4216031332743106,0.5872532437387161,0.7414601989933935,0.1600157980422307,0.1307951821822435,0.1161804650243324,0.2305549447788159,0.1787644719596218,0.2076155167797595,12.0,11.0,10.0,9.0,8.0,7.0,13,0.00178343060323909,1.3833432661166345e-06
133,2022-08,Hiraan,0,1429,1459,Hiraan,2022,8,0.4306325394232874,0.1078337514245571,13,0.5523208132377689,0.5755233076266698,0.6510893238917685,0.6193872592895215,0.7004775718765291,0.8513738924080079,0.3060571308046725,0.3389528594931721,0.2826603868611642,0.3369761194113926,0.1382000792579754,0.1342251714945293,12.0,11.0,10.0,9.0,8.0,7.0,46,0.002488200557274866,3.5631465294365137e-06
134,2022-08,Lower Juba,0,1430,1459,Lower Juba,2022,8,0.8203042167805907,-0.2380370719351733,170,0.9941731616157978,1.134123229561797,1.25454705739839,1.0435168369666117,0.7771876684578174,1.1418586702350384,0.4166346810696427,0.3606330115616553,0.2008982062365125,0.297939702500302,-0.2089341710589485,0.2203692287191772,169.0,168.0,167.0,166.0,165.0,164.0,41,0.004275414189499781,2.073082733535086e-05
135,2022-08,Lower Shabelle,0,1431,1459,Lower Shabelle,2022,8,0.5939919707352976,0.0630104142572014,48,0.7988230513331348,0.8649962053635603,1.0354571679862834,0.9361413126857788,0.7232692759649582,0.9880664689637804,0.3821629900670506,0.461263706972635,0.423230290156008,0.3927514916737379,0.1053495185729729,0.0631539870673694,47.0,46.0,45.0,44.0,43.0,42.0,87,0.0036731358257020208,1.1670465479901096e-05
136,2022-08,Middle Juba,148,1432,1459,Middle Juba,2022,8,0.791463466819615,0.024051562479227,170,0.966723473758015,1.078014007931302,1.322332947935933,1.1072467365474403,0.8444842129775667,1.1813969665573347,0.6013496418975428,0.7407264835140419,0.5964920496632677,0.5348164062675216,-0.0068129799322947,-0.0613051015750227,169.0,168.0,167.0,166.0,165.0,164.0,2,0.006624219420370121,4.7303559669675734e-05
137,2022-08,Middle Shabelle,0,1433,1459,Middle Shabelle,2022,8,0.263345343082608,0.1161113475981224,13,0.3705550462219134,0.3507123137345554,0.3707743962975676,0.3868740198117563,0.3458029066401339,0.4448583611248862,0.1389541660136587,0.1315503268166041,0.1191719012981683,0.1604904314189245,0.1275279286925687,0.1777708987015868,12.0,11.0,10.0,9.0,8.0,7.0,12,0.0022314676576835808,1.7463536966856108e-06
138,2022-08,Mudug,0,1434,1459,Mudug,2022,8,0.5736352336909943,0.2226834906995919,10,0.521905031705108,0.4211406960077583,0.4076609736425814,0.289195357503746,0.470268185176852,0.6422945436739754,0.103863217891218,0.0819431363861612,0.1254141935297253,0.206812766290127,0.1851848641184435,0.1842036176883258,9.0,8.0,7.0,6.0,5.0,4.0,2,0.0013544182908195735,7.725610892768668e-07
139,2022-08,Nugaal,0,1435,1459,Nugaal,2022,8,0.8437387904257583,0.2624304914273327,10,0.7790108908616197,0.6776988453292393,0.6506349595730728,0.4122904085438447,0.6525291932788249,0.9180677454801816,0.085264552944247,0.0693517405097075,0.1513611822568351,0.2327581681835263,0.2185670737517008,0.2094031618567795,9.0,8.0,7.0,6.0,5.0,4.0,0,0.0011479523568293187,8.930678879839177e-07
140,2022-08,Sanaag,0,1436,1459,Sanaag,2022,8,1.232428676553484,0.0656321122766688,13,1.2887754365391608,1.293341217116362,1.371820087250021,1.065478509501933,1.3239006270169915,1.578739854612722,0.070942014449155,0.0720599053750126,0.1223724369518897,0.1171255351652517,0.0682805278398302,0.0585135955062028,12.0,11.0,10.0,9.0,8.0,7.0,3,0.001160056757004846,1.740490248241139e-06
141,2022-08,Sool,0,1437,1459,Sool,2022,8,0.970056430172205,0.1818122086174714,13,1.0406200849158496,1.1013815909274196,1.2417663882771746,1.068230230706242,1.333713313264574,1.5186932569831049,0.0766489090707046,0.0684393251058053,0.1334049522420888,0.1800478135959616,0.1441526834600773,0.1348152190404009,12.0,11.0,10.0,9.0,8.0,7.0,4,0.0012754984099552702,1.79183351819947e-06
142,2022-08,Togdheer,0,1438,1459,Togdheer,2022,8,0.956034085462364,0.0491498047059295,13,1.2383541308931951,1.4167228706674786,1.7651103595901805,1.6895854528329388,1.8406100524609743,1.758926359579594,0.136226451532739,0.1313343548371887,0.0679425341814492,0.0996006011724358,-0.0063136829405922,-0.0181877567572241,12.0,11.0,10.0,9.0,8.0,7.0,4,0.0015393206518505699,3.356936273886136e-06
143,2022-08,Woqooyi Galbeed,0,1439,1459,Woqooyi Galbeed,2022,8,0.9818600868880094,0.278255031453353,13,1.3824729436226897,1.5986634929318104,1.9629168714456449,1.8417231990864995,1.9256720267282188,1.7384902429898124,0.4174636839964853,0.4397651578671362,-0.100647333630275,0.0201744089763871,-0.1846413737585071,-0.2262913291501256,12.0,11.0,10.0,9.0,8.0,7.0,2,0.0015762300823998511,3.971881482747747e-06
144,2022-09,Awdal,0,1440,1460,Awdal,2022,9,0.3251658130687359,0.5309306779674329,14,0.838705021975182,1.3406469041262354,1.575111795168768,1.886813156576578,1.7803344194653088,1.8384198458033505,0.3834567608351421,0.5210618943797205,0.5439235752321407,-0.1987607378766393,-0.0270016073756892,-0.2755896053521825,13.0,12.0,11.0,10.0,9.0,8.0,0,0.0015437346539345937,3.1949180015712006e-06
145,2022-09,Bakool,4402,1441,1460,Bakool,2022,9,0.2165613080069803,-0.234186602235639,16,0.6002632401813129,0.7805184021970233,0.8803796395573933,1.0434561632383537,0.9876206429961768,1.0416475597356258,-0.0109836297318766,1.099043770619714,1.4259744997095294,1.2278327487852403,1.0477289102449832,0.0678811359003665,15.0,14.0,13.0,12.0,11.0,10.0,12,0.004103844787771367,1.3145133485248102e-05
146,2022-09,Banadir,0,1442,1460,Banadir,2022,9,0.165240537730948,0.043288522028806,47,0.4346307868294446,0.5970212339719152,0.623866184983025,0.7217076626135641,0.6877655485701168,0.5559764535600913,0.0928336315269926,0.2815789488489406,0.308030018580379,0.2818231374256966,0.3123612367439993,0.1382044002999827,46.0,45.0,44.0,43.0,42.0,41.0,56,0.002616749249414958,4.088029247688453e-06
147,2022-09,Bari,0,1443,1460,Bari,2022,9,0.3463067970183102,0.2405121695049659,14,1.1990605443915,1.1142886218204973,0.952232144254548,0.6916857142008704,0.1840005142358764,0.2876765002571668,0.2277697479176822,0.0505982620253739,0.0706698813813843,0.1496659710589757,0.2286141569994982,0.2093499347707191,13.0,12.0,11.0,10.0,9.0,8.0,4,0.000943609458175678,9.921612623736602e-07
148,2022-09,Bay,1253,1444,1460,Bay,2022,9,0.3539042026796632,-0.2553520201225812,51,0.7284675593670262,0.9059543679060416,0.9595208420211104,1.1507258632996886,0.9878518872665276,0.8696776506105579,-0.0306066357808903,1.0405778747236625,1.395390762725958,1.1606504109671785,0.9828797309496704,0.0550444624803402,50.0,49.0,48.0,47.0,46.0,45.0,38,0.005642326753641573,2.8841828445989693e-05
149,2022-09,Galgaduud,0,1445,1460,Galgaduud,2022,9,-0.0228638536521905,0.1348486054746306,0,0.445266813894597,0.4713449012957401,0.4349281632976018,0.4631503909408606,0.4216031332743106,0.5872532437387161,0.1442387700307299,0.1600157980422307,0.1307951821822435,0.1161804650243324,0.2305549447788159,0.1787644719596218,13.0,12.0,11.0,10.0,9.0,8.0,45,0.00178343060323909,1.4991712430903576e-06
151,2022-09,Hiraan,0,1447,1460,Hiraan,2022,9,0.0550092518637818,0.0579246285291951,14,0.4306325394232874,0.5523208132377689,0.5755233076266698,0.6510893238917685,0.6193872592895215,0.7004775718765291,0.1078337514245571,0.3060571308046725,0.3389528594931721,0.2826603868611642,0.3369761194113926,0.1382000792579754,13.0,12.0,11.0,10.0,9.0,8.0,82,0.002488200557274866,3.4194965916138194e-06
152,2022-09,Lower Juba,0,1448,1460,Lower Juba,2022,9,0.5892896109300705,0.92980605599413,171,0.8203042167805907,0.9941731616157978,1.134123229561797,1.25454705739839,1.0435168369666117,0.7771876684578174,-0.2380370719351733,0.4166346810696427,0.3606330115616553,0.2008982062365125,0.297939702500302,-0.2089341710589485,170.0,169.0,168.0,167.0,166.0,165.0,44,0.004275414189499781,1.8172656742830567e-05
153,2022-09,Lower Shabelle,0,1449,1460,Lower Shabelle,2022,9,0.2845056165427397,-0.0027938828422715,49,0.5939919707352976,0.7988230513331348,0.8649962053635603,1.0354571679862834,0.9361413126857788,0.7232692759649582,0.0630104142572014,0.3821629900670506,0.461263706972635,0.423230290156008,0.3927514916737379,0.1053495185729729,48.0,47.0,46.0,45.0,44.0,43.0,80,0.0036731358257020208,1.0777662129990826e-05
154,2022-09,Middle Juba,0,1450,1460,Middle Juba,2022,9,0.4842335449378008,0.1661615175783782,171,0.791463466819615,0.966723473758015,1.078014007931302,1.322332947935933,1.1072467365474403,0.8444842129775667,0.024051562479227,0.6013496418975428,0.7407264835140419,0.5964920496632677,0.5348164062675216,-0.0068129799322947,170.0,169.0,168.0,167.0,166.0,165.0,2,0.006624219420370121,4.242009954280913e-05
155,2022-09,Middle Shabelle,0,1451,1460,Middle Shabelle,2022,9,0.0370171274906571,0.0852958225854196,14,0.263345343082608,0.3705550462219134,0.3507123137345554,0.3707743962975676,0.3868740198117563,0.3458029066401339,0.1161113475981224,0.1389541660136587,0.1315503268166041,0.1191719012981683,0.1604904314189245,0.1275279286925687,13.0,12.0,11.0,10.0,9.0,8.0,22,0.0022314676576835808,1.8451595494446578e-06
156,2022-09,Mudug,0,1452,1460,Mudug,2022,9,0.0015443023968413,0.2327336772430206,11,0.5736352336909943,0.521905031705108,0.4211406960077583,0.4076609736425814,0.289195357503746,0.470268185176852,0.2226834906995919,0.103863217891218,0.0819431363861612,0.1254141935297253,0.206812766290127,0.1851848641184435,10.0,9.0,8.0,7.0,6.0,5.0,11,0.0013544182908195735,9.574081147117357e-07
157,2022-09,Nugaal,0,1453,1460,Nugaal,2022,9,0.0182095146497088,0.2754573657847433,11,0.8437387904257583,0.7790108908616197,0.6776988453292393,0.6506349595730728,0.4122904085438447,0.6525291932788249,0.2624304914273327,0.085264552944247,0.0693517405097075,0.1513611822568351,0.2327581681835263,0.2185670737517008,10.0,9.0,8.0,7.0,6.0,5.0,1,0.0011479523568293187,1.0265763558742197e-06
158,2022-09,Sanaag,0,1454,1460,Sanaag,2022,9,0.186017497304656,0.063488065981665,14,1.232428676553484,1.2887754365391608,1.293341217116362,1.371820087250021,1.065478509501933,1.3239006270169915,0.0656321122766688,0.070942014449155,0.0720599053750126,0.1223724369518897,0.1171255351652517,0.0682805278398302,13.0,12.0,11.0,10.0,9.0,8.0,1,0.001160056757004846,1.7343459326768785e-06
159,2022-09,Sool,0,1455,1460,Sool,2022,9,0.0383154191301805,0.1952241718424453,14,0.970056430172205,1.0406200849158496,1.1013815909274196,1.2417663882771746,1.068230230706242,1.333713313264574,0.1818122086174714,0.0766489090707046,0.0684393251058053,0.1334049522420888,0.1800478135959616,0.1441526834600773,13.0,12.0,11.0,10.0,9.0,8.0,1,0.0012754984099552702,1.6929808553397869e-06
160,2022-09,Togdheer,0,1456,1460,Togdheer,2022,9,0.1993324730313688,0.0635649827287864,14,0.956034085462364,1.2383541308931951,1.4167228706674786,1.7651103595901805,1.6895854528329388,1.8406100524609743,0.0491498047059295,0.136226451532739,0.1313343548371887,0.0679425341814492,0.0996006011724358,-0.0063136829405922,13.0,12.0,11.0,10.0,9.0,8.0,0,0.0015393206518505699,2.934290105695499e-06
161,2022-09,Woqooyi Galbeed,0,1457,1460,Woqooyi Galbeed,2022,9,0.3371121255995827,0.3695465230124027,14,0.9818600868880094,1.3824729436226897,1.5986634929318104,1.9629168714456449,1.8417231990864995,1.9256720267282188,0.278255031453353,0.4174636839964853,0.4397651578671362,-0.100647333630275,0.0201744089763871,-0.1846413737585071,13.0,12.0,11.0,10.0,9.0,8.0,1,0.0015762300823998511,3.4347557878516873e-06
162,2022-10,Awdal,0,1458,1461,Awdal,2022,10,0.8427877204383079,-0.1747666667108248,15,0.3251658130687359,0.838705021975182,1.3406469041262354,1.575111795168768,1.886813156576578,1.7803344194653088,0.5309306779674329,0.3834567608351421,0.5210618943797205,0.5439235752321407,-0.1987607378766393,-0.0270016073756892,14.0,13.0,12.0,11.0,10.0,9.0,0,0.0015437346539345937,1.998731928943736e-06
163,2022-10,Bakool,390,1459,1461,Bakool,2022,10,0.319152180911001,-0.3722618172115883,17,0.2165613080069803,0.6002632401813129,0.7805184021970233,0.8803796395573933,1.0434561632383537,0.9876206429961768,-0.234186602235639,-0.0109836297318766,1.099043770619714,1.4259744997095294,1.2278327487852403,1.0477289102449832,16.0,15.0,14.0,13.0,12.0,11.0,12,0.004103844787771367,1.0109358595851685e-05
164,2022-10,Banadir,0,1460,1461,Banadir,2022,10,0.2000196198757897,0.0103740736556716,48,0.165240537730948,0.4346307868294446,0.5970212339719152,0.623866184983025,0.7217076626135641,0.6877655485701168,0.043288522028806,0.0928336315269926,0.2815789488489406,0.308030018580379,0.2818231374256966,0.3123612367439993,47.0,46.0,45.0,44.0,43.0,42.0,62,0.002616749249414958,2.976080694289338e-06
165,2022-10,Bari,0,1461,1461,Bari,2022,10,0.0257517327711802,0.2261675852022191,15,0.3463067970183102,1.1990605443915,1.1142886218204973,0.952232144254548,0.6916857142008704,0.1840005142358764,0.2405121695049659,0.2277697479176822,0.0505982620253739,0.0706698813813843,0.1496659710589757,0.2286141569994982,14.0,13.0,12.0,11.0,10.0,9.0,3,0.000943609458175678,1.0676420813148744e-06
166,2022-10,Bay,776,1462,1461,Bay,2022,10,0.556147571970844,-0.3923558772331809,52,0.3539042026796632,0.7284675593670262,0.9059543679060416,0.9595208420211104,1.1507258632996886,0.9878518872665276,-0.2553520201225812,-0.0306066357808903,1.0405778747236625,1.395390762725958,1.1606504109671785,0.9828797309496704,51.0,50.0,49.0,48.0,47.0,46.0,13,0.005642326753641573,2.319138482029109e-05
167,2022-10,Galgaduud,0,1463,1461,Galgaduud,2022,10,-0.1023347207187816,0.1471661595411663,0,-0.0228638536521905,0.445266813894597,0.4713449012957401,0.4349281632976018,0.4631503909408606,0.4216031332743106,0.1348486054746306,0.1442387700307299,0.1600157980422307,0.1307951821822435,0.1161804650243324,0.2305549447788159,0.0,13.0,12.0,11.0,10.0,9.0,11,0.00178343060323909,1.4162266337414158e-06
169,2022-10,Hiraan,0,1465,1461,Hiraan,2022,10,0.0334232185209332,0.0341481558030935,15,0.0550092518637818,0.4306325394232874,0.5523208132377689,0.5755233076266698,0.6510893238917685,0.6193872592895215,0.0579246285291951,0.1078337514245571,0.3060571308046725,0.3389528594931721,0.2826603868611642,0.3369761194113926,14.0,13.0,12.0,11.0,10.0,9.0,40,0.002488200557274866,2.666107207084404e-06
170,2022-10,Lower Juba,0,1466,1461,Lower Juba,2022,10,0.9812863352624394,1.1138435545706482,172,0.5892896109300705,0.8203042167805907,0.9941731616157978,1.134123229561797,1.25454705739839,1.0435168369666117,0.92980605599413,-0.2380370719351733,0.4166346810696427,0.3606330115616553,0.2008982062365125,0.297939702500302,171.0,170.0,169.0,168.0,167.0,166.0,37,0.004275414189499781,1.4994477352438387e-05
171,2022-10,Lower Shabelle,0,1467,1461,Lower Shabelle,2022,10,0.431136967008477,-0.051760018554485,50,0.2845056165427397,0.5939919707352976,0.7988230513331348,0.8649962053635603,1.0354571679862834,0.9361413126857788,-0.0027938828422715,0.0630104142572014,0.3821629900670506,0.461263706972635,0.423230290156008,0.3927514916737379,49.0,48.0,47.0,46.0,45.0,44.0,64,0.0036731358257020208,8.014096185417492e-06
172,2022-10,Middle Juba,39,1468,1461,Middle Juba,2022,10,0.8546003678515752,0.1382482846999774,172,0.4842335449378008,0.791463466819615,0.966723473758015,1.078014007931302,1.322332947935933,1.1072467365474403,0.1661615175783782,0.024051562479227,0.6013496418975428,0.7407264835140419,0.5964920496632677,0.5348164062675216,171.0,170.0,169.0,168.0,167.0,166.0,2,0.006624219420370121,3.472964085217706e-05
173,2022-10,Middle Shabelle,0,1469,1461,Middle Shabelle,2022,10,-0.0482489532520463,0.0742876805249436,0,0.0370171274906571,0.263345343082608,0.3705550462219134,0.3507123137345554,0.3707743962975676,0.3868740198117563,0.0852958225854196,0.1161113475981224,0.1389541660136587,0.1315503268166041,0.1191719012981683,0.1604904314189245,14.0,13.0,12.0,11.0,10.0,9.0,49,0.0022314676576835808,1.3113144175066923e-06
174,2022-10,Mudug,0,1470,1461,Mudug,2022,10,-0.1076368502327064,0.226562483429295,0,0.0015443023968413,0.5736352336909943,0.521905031705108,0.4211406960077583,0.4076609736425814,0.289195357503746,0.2327336772430206,0.2226834906995919,0.103863217891218,0.0819431363861612,0.1254141935297253,0.206812766290127,11.0,10.0,9.0,8.0,7.0,6.0,7,0.0013544182908195735,1.052304527178111e-06
175,2022-10,Nugaal,0,1471,1461,Nugaal,2022,10,-0.1007096031250552,0.2620036209329585,0,0.0182095146497088,0.8437387904257583,0.7790108908616197,0.6776988453292393,0.6506349595730728,0.4122904085438447,0.2754573657847433,0.2624304914273327,0.085264552944247,0.0693517405097075,0.1513611822568351,0.2327581681835263,11.0,10.0,9.0,8.0,7.0,6.0,3,0.0011479523568293187,1.111874433266246e-06
176,2022-10,Sanaag,0,1472,1461,Sanaag,2022,10,0.2363267185178326,0.1078463782343433,15,0.186017497304656,1.232428676553484,1.2887754365391608,1.293341217116362,1.371820087250021,1.065478509501933,0.063488065981665,0.0656321122766688,0.070942014449155,0.0720599053750126,0.1223724369518897,0.1171255351652517,14.0,13.0,12.0,11.0,10.0,9.0,1,0.001160056757004846,1.658518312728514e-06
177,2022-10,Sool,0,1473,1461,Sool,2022,10,0.1165153433174865,0.2054640465564217,15,0.0383154191301805,0.970056430172205,1.0406200849158496,1.1013815909274196,1.2417663882771746,1.068230230706242,0.1952241718424453,0.1818122086174714,0.0766489090707046,0.0684393251058053,0.1334049522420888,0.1800478135959616,14.0,13.0,12.0,11.0,10.0,9.0,2,0.0012754984099552702,1.5781811140168455e-06
178,2022-10,Togdheer,0,1474,1461,Togdheer,2022,10,0.5947246150362823,0.0007037395878827,15,0.1993324730313688,0.956034085462364,1.2383541308931951,1.4167228706674786,1.7651103595901805,1.6895854528329388,0.0635649827287864,0.0491498047059295,0.136226451532739,0.1313343548371887,0.0679425341814492,0.0996006011724358,14.0,13.0,12.0,11.0,10.0,9.0,2,0.0015393206518505699,2.2653304799463766e-06
179,2022-10,Woqooyi Galbeed,0,1475,1461,Woqooyi Galbeed,2022,10,0.8402325941017181,-0.1642577365626346,15,0.3371121255995827,0.9818600868880094,1.3824729436226897,1.5986634929318104,1.9629168714456449,1.8417231990864995,0.3695465230124027,0.278255031453353,0.4174636839964853,0.4397651578671362,-0.100647333630275,0.0201744089763871,14.0,13.0,12.0,11.0,10.0,9.0,1,0.0015762300823998511,2.439432635449518e-06
180,2022-11,Awdal,0,1476,1462,Awdal,2022,11,1.1349696996892322,-0.082180406705789,16,0.8427877204383079,0.3251658130687359,0.838705021975182,1.3406469041262354,1.575111795168768,1.886813156576578,-0.1747666667108248,0.5309306779674329,0.3834567608351421,0.5210618943797205,0.5439235752321407,-0.1987607378766393,15.0,14.0,13.0,12.0,11.0,10.0,0,0.0015437346539345937,7.7490807346169e-07
181,2022-11,Bakool,241,1477,1462,Bakool,2022,11,0.4622298590809106,-0.555990953825737,18,0.319152180911001,0.2165613080069803,0.6002632401813129,0.7805184021970233,0.8803796395573933,1.0434561632383537,-0.3722618172115883,-0.234186602235639,-0.0109836297318766,1.099043770619714,1.4259744997095294,1.2278327487852403,17.0,16.0,15.0,14.0,13.0,12.0,9,0.004103844787771367,3.647226373495671e-06
182,2022-11,Banadir,0,1478,1462,Banadir,2022,11,0.2296530772493784,0.0138813984610509,49,0.2000196198757897,0.165240537730948,0.4346307868294446,0.5970212339719152,0.623866184983025,0.7217076626135641,0.0103740736556716,0.043288522028806,0.0928336315269926,0.2815789488489406,0.308030018580379,0.2818231374256966,48.0,47.0,46.0,45.0,44.0,43.0,65,0.002616749249414958,1.1314641971003322e-06
183,2022-11,Bari,0,1479,1462,Bari,2022,11,0.2103951673997793,0.2362076364799005,16,0.0257517327711802,0.3463067970183102,1.1990605443915,1.1142886218204973,0.952232144254548,0.6916857142008704,0.2261675852022191,0.2405121695049659,0.2277697479176822,0.0505982620253739,0.0706698813813843,0.1496659710589757,15.0,14.0,13.0,12.0,11.0,10.0,0,0.000943609458175678,3.08351159807154e-07
184,2022-11,Bay,1218,1480,1462,Bay,2022,11,0.7151143162351867,-0.6021036436468872,53,0.556147571970844,0.3539042026796632,0.7284675593670262,0.9059543679060416,0.9595208420211104,1.1507258632996886,-0.3923558772331809,-0.2553520201225812,-0.0306066357808903,1.0405778747236625,1.395390762725958,1.1606504109671785,52.0,51.0,50.0,49.0,48.0,47.0,17,0.005642326753641573,1.1266841533745137e-05
185,2022-11,Galgaduud,0,1481,1462,Galgaduud,2022,11,-0.0888898996395216,0.1467965885013168,0,-0.1023347207187816,-0.0228638536521905,0.445266813894597,0.4713449012957401,0.4349281632976018,0.4631503909408606,0.1471661595411663,0.1348486054746306,0.1442387700307299,0.1600157980422307,0.1307951821822435,0.1161804650243324,0.0,0.0,13.0,12.0,11.0,10.0,23,0.00178343060323909,-7.272133804219053e-08
187,2022-11,Hiraan,0,1483,1462,Hiraan,2022,11,0.0602670730682527,0.0298526778239881,16,0.0334232185209332,0.0550092518637818,0.4306325394232874,0.5523208132377689,0.5755233076266698,0.6510893238917685,0.0341481558030935,0.0579246285291951,0.1078337514245571,0.3060571308046725,0.3389528594931721,0.2826603868611642,15.0,14.0,13.0,12.0,11.0,10.0,29,0.002488200557274866,3.4057009032982255e-07
188,2022-11,Lower Juba,0,1484,1462,Lower Juba,2022,11,1.264203378209826,1.0370868011451004,173,0.9812863352624394,0.5892896109300705,0.8203042167805907,0.9941731616157978,1.134123229561797,1.25454705739839,1.1138435545706482,0.92980605599413,-0.2380370719351733,0.4166346810696427,0.3606330115616553,0.2008982062365125,172.0,171.0,170.0,169.0,168.0,167.0,39,0.004275414189499781,1.0771722910064701e-05
189,2022-11,Lower Shabelle,0,1485,1462,Lower Shabelle,2022,11,0.5385719519276717,-0.0818400406012324,51,0.431136967008477,0.2845056165427397,0.5939919707352976,0.7988230513331348,0.8649962053635603,1.0354571679862834,-0.051760018554485,-0.0027938828422715,0.0630104142572014,0.3821629900670506,0.461263706972635,0.423230290156008,50.0,49.0,48.0,47.0,46.0,45.0,56,0.0036731358257020208,3.838528950892317e-06
190,2022-11,Middle Juba,20,1486,1462,Middle Juba,2022,11,1.1063671543173292,0.0205977890442784,173,0.8546003678515752,0.4842335449378008,0.791463466819615,0.966723473758015,1.078014007931302,1.322332947935933,0.1382482846999774,0.1661615175783782,0.024051562479227,0.6013496418975428,0.7407264835140419,0.5964920496632677,172.0,171.0,170.0,169.0,168.0,167.0,2,0.006624219420370121,2.124830495568438e-05
191,2022-11,Middle Shabelle,0,1487,1462,Middle Shabelle,2022,11,-0.0960518492226616,0.1171268113369072,0,-0.0482489532520463,0.0370171274906571,0.263345343082608,0.3705550462219134,0.3507123137345554,0.3707743962975676,0.0742876805249436,0.0852958225854196,0.1161113475981224,0.1389541660136587,0.1315503268166041,0.1191719012981683,0.0,14.0,13.0,12.0,11.0,10.0,42,0.0022314676576835808,1.8432485801715993e-07
192,2022-11,Mudug,0,1488,1462,Mudug,2022,11,-0.0989861171735741,0.2036611554941206,0,-0.1076368502327064,0.0015443023968413,0.5736352336909943,0.521905031705108,0.4211406960077583,0.4076609736425814,0.226562483429295,0.2327336772430206,0.2226834906995919,0.103863217891218,0.0819431363861612,0.1254141935297253,0.0,11.0,10.0,9.0,8.0,7.0,5,0.0013544182908195735,2.832943843201067e-09
193,2022-11,Nugaal,0,1489,1462,Nugaal,2022,11,0.0004472925643929,0.2369268966034977,1,-0.1007096031250552,0.0182095146497088,0.8437387904257583,0.7790108908616197,0.6776988453292393,0.6506349595730728,0.2620036209329585,0.2754573657847433,0.2624304914273327,0.085264552944247,0.0693517405097075,0.1513611822568351,0.0,11.0,10.0,9.0,8.0,7.0,2,0.0011479523568293187,2.3996400320745844e-08
194,2022-11,Sanaag,0,1490,1462,Sanaag,2022,11,0.4995227324270102,0.0991973368265734,16,0.2363267185178326,0.186017497304656,1.232428676553484,1.2887754365391608,1.293341217116362,1.371820087250021,0.1078463782343433,0.063488065981665,0.0656321122766688,0.070942014449155,0.0720599053750126,0.1223724369518897,15.0,14.0,13.0,12.0,11.0,10.0,2,0.001160056757004846,2.5032963905908463e-07
195,2022-11,Sool,0,1491,1462,Sool,2022,11,0.3670864916609141,0.1879169981718459,16,0.1165153433174865,0.0383154191301805,0.970056430172205,1.0406200849158496,1.1013815909274196,1.2417663882771746,0.2054640465564217,0.1952241718424453,0.1818122086174714,0.0766489090707046,0.0684393251058053,0.1334049522420888,15.0,14.0,13.0,12.0,11.0,10.0,2,0.0012754984099552702,6.233520954668192e-08
196,2022-11,Togdheer,0,1492,1462,Togdheer,2022,11,0.8945576324794704,0.0038557683801557,16,0.5947246150362823,0.1993324730313688,0.956034085462364,1.2383541308931951,1.4167228706674786,1.7651103595901805,0.0007037395878827,0.0635649827287864,0.0491498047059295,0.136226451532739,0.1313343548371887,0.0679425341814492,15.0,14.0,13.0,12.0,11.0,10.0,1,0.0015393206518505699,4.7231990330414333e-07
197,2022-11,Woqooyi Galbeed,0,1493,1462,Woqooyi Galbeed,2022,11,1.1551943197984156,-0.0913305088932839,16,0.8402325941017181,0.3371121255995827,0.9818600868880094,1.3824729436226897,1.5986634929318104,1.9629168714456449,-0.1642577365626346,0.3695465230124027,0.278255031453353,0.4174636839964853,0.4397651578671362,-0.100647333630275,15.0,14.0,13.0,12.0,11.0,10.0,0,0.0015762300823998511,8.375555050820366e-07
198,2022-12,Awdal,0,1494,1463,Awdal,2022,12,1.490642607312305,-0.1769757678668412,17,1.1349696996892322,0.8427877204383079,0.3251658130687359,0.838705021975182,1.3406469041262354,1.575111795168768,-0.082180406705789,-0.1747666667108248,0.5309306779674329,0.3834567608351421,0.5210618943797205,0.5439235752321407,16.0,15.0,14.0,13.0,12.0,11.0,0,0.0015437346539345937,2.008461475757801e-06
199,2022-12,Bakool,219,1495,1463,Bakool,2022,12,0.6079100538069698,0.0823287096893266,19,0.4622298590809106,0.319152180911001,0.2165613080069803,0.6002632401813129,0.7805184021970233,0.8803796395573933,-0.555990953825737,-0.3722618172115883,-0.234186602235639,-0.0109836297318766,1.099043770619714,1.4259744997095294,18.0,17.0,16.0,15.0,14.0,13.0,6,0.004103844787771367,5.375014872646342e-06
200,2022-12,Banadir,0,1496,1463,Banadir,2022,12,0.3504292929860451,0.1077678821502734,50,0.2296530772493784,0.2000196198757897,0.165240537730948,0.4346307868294446,0.5970212339719152,0.623866184983025,0.0138813984610509,0.0103740736556716,0.043288522028806,0.0928336315269926,0.2815789488489406,0.308030018580379,49.0,48.0,47.0,46.0,45.0,44.0,61,0.002616749249414958,1.3696096715417998e-06
201,2022-12,Bari,0,1497,1463,Bari,2022,12,0.6694250343885786,0.0397719283588131,17,0.2103951673997793,0.0257517327711802,0.3463067970183102,1.1990605443915,1.1142886218204973,0.952232144254548,0.2362076364799005,0.2261675852022191,0.2405121695049659,0.2277697479176822,0.0505982620253739,0.0706698813813843,16.0,15.0,14.0,13.0,12.0,11.0,4,0.000943609458175678,2.2929312203529954e-08
202,2022-12,Bay,1513,1498,1463,Bay,2022,12,0.858621820200232,0.1521921510310044,54,0.7151143162351867,0.556147571970844,0.3539042026796632,0.7284675593670262,0.9059543679060416,0.9595208420211104,-0.6021036436468872,-0.3923558772331809,-0.2553520201225812,-0.0306066357808903,1.0405778747236625,1.395390762725958,53.0,52.0,51.0,50.0,49.0,48.0,28,0.005642326753641573,1.7705431343646176e-05
203,2022-12,Galgaduud,0,1499,1463,Galgaduud,2022,12,0.085150479895392,0.1107831436936235,1,-0.0888898996395216,-0.1023347207187816,-0.0228638536521905,0.445266813894597,0.4713449012957401,0.4349281632976018,0.1467965885013168,0.1471661595411663,0.1348486054746306,0.1442387700307299,0.1600157980422307,0.1307951821822435,0.0,0.0,0.0,13.0,12.0,11.0,16,0.00178343060323909,-3.254883420814187e-07
205,2022-12,Hiraan,0,1501,1463,Hiraan,2022,12,0.2114924073450547,0.102369314543185,17,0.0602670730682527,0.0334232185209332,0.0550092518637818,0.4306325394232874,0.5523208132377689,0.5755233076266698,0.0298526778239881,0.0341481558030935,0.0579246285291951,0.1078337514245571,0.3060571308046725,0.3389528594931721,16.0,15.0,14.0,13.0,12.0,11.0,24,0.002488200557274866,2.0692789240208105e-07
206,2022-12,Lower Juba,0,1502,1463,Lower Juba,2022,12,1.4202159094367486,1.3654714377616897,174,1.264203378209826,0.9812863352624394,0.5892896109300705,0.8203042167805907,0.9941731616157978,1.134123229561797,1.0370868011451004,1.1138435545706482,0.92980605599413,-0.2380370719351733,0.4166346810696427,0.3606330115616553,173.0,172.0,171.0,170.0,169.0,168.0,25,0.004275414189499781,1.793709629836692e-05
207,2022-12,Lower Shabelle,0,1503,1463,Lower Shabelle,2022,12,0.6898740888044774,0.1183368828058002,52,0.5385719519276717,0.431136967008477,0.2845056165427397,0.5939919707352976,0.7988230513331348,0.8649962053635603,-0.0818400406012324,-0.051760018554485,-0.0027938828422715,0.0630104142572014,0.3821629900670506,0.461263706972635,51.0,50.0,49.0,48.0,47.0,46.0,66,0.0036731358257020208,5.816868397089564e-06
208,2022-12,Middle Juba,293,1504,1463,Middle Juba,2022,12,1.2596066539567812,0.3807374331700763,174,1.1063671543173292,0.8546003678515752,0.4842335449378008,0.791463466819615,0.966723473758015,1.078014007931302,0.0205977890442784,0.1382482846999774,0.1661615175783782,0.024051562479227,0.6013496418975428,0.7407264835140419,173.0,172.0,171.0,170.0,169.0,168.0,1,0.006624219420370121,3.7500105932732926e-05
209,2022-12,Middle Shabelle,0,1505,1463,Middle Shabelle,2022,12,-0.0199529796712446,0.1070071270260876,0,-0.0960518492226616,-0.0482489532520463,0.0370171274906571,0.263345343082608,0.3705550462219134,0.3507123137345554,0.1171268113369072,0.0742876805249436,0.0852958225854196,0.1161113475981224,0.1389541660136587,0.1315503268166041,0.0,0.0,14.0,13.0,12.0,11.0,51,0.0022314676576835808,-2.4025314929973106e-07
210,2022-12,Mudug,0,1506,1463,Mudug,2022,12,0.0587880566420591,0.0632129805140632,1,-0.0989861171735741,-0.1076368502327064,0.0015443023968413,0.5736352336909943,0.521905031705108,0.4211406960077583,0.2036611554941206,0.226562483429295,0.2327336772430206,0.2226834906995919,0.103863217891218,0.0819431363861612,0.0,0.0,11.0,10.0,9.0,8.0,7,0.0013544182908195735,-1.974543022092045e-07
211,2022-12,Nugaal,0,1507,1463,Nugaal,2022,12,0.2424912867771493,0.0455698636885864,2,0.0004472925643929,-0.1007096031250552,0.0182095146497088,0.8437387904257583,0.7790108908616197,0.6776988453292393,0.2369268966034977,0.2620036209329585,0.2754573657847433,0.2624304914273327,0.085264552944247,0.0693517405097075,1.0,0.0,11.0,10.0,9.0,8.0,1,0.0011479523568293187,-1.3271457253095473e-07
212,2022-12,Sanaag,0,1508,1463,Sanaag,2022,12,0.8905530235876215,0.0556622316736382,17,0.4995227324270102,0.2363267185178326,0.186017497304656,1.232428676553484,1.2887754365391608,1.293341217116362,0.0991973368265734,0.1078463782343433,0.063488065981665,0.0656321122766688,0.070942014449155,0.0720599053750126,16.0,15.0,14.0,13.0,12.0,11.0,0,0.001160056757004846,3.180323518152513e-07
213,2022-12,Sool,0,1509,1463,Sool,2022,12,0.7178938118464272,0.0468585684891949,17,0.3670864916609141,0.1165153433174865,0.0383154191301805,0.970056430172205,1.0406200849158496,1.1013815909274196,0.1879169981718459,0.2054640465564217,0.1952241718424453,0.1818122086174714,0.0766489090707046,0.0684393251058053,16.0,15.0,14.0,13.0,12.0,11.0,8,0.0012754984099552702,1.8955836856233524e-07
214,2022-12,Togdheer,0,1510,1463,Togdheer,2022,12,1.2390019811969468,-0.0149818689060629,17,0.8945576324794704,0.5947246150362823,0.1993324730313688,0.956034085462364,1.2383541308931951,1.4167228706674786,0.0038557683801557,0.0007037395878827,0.0635649827287864,0.0491498047059295,0.136226451532739,0.1313343548371887,16.0,15.0,14.0,13.0,12.0,11.0,0,0.0015393206518505699,1.4092047742884604e-06
215,2022-12,Woqooyi Galbeed,0,1511,1463,Woqooyi Galbeed,2022,12,1.4975216007610392,-0.1569376390850459,17,1.1551943197984156,0.8402325941017181,0.3371121255995827,0.9818600868880094,1.3824729436226897,1.5986634929318104,-0.0913305088932839,-0.1642577365626346,0.3695465230124027,0.278255031453353,0.4174636839964853,0.4397651578671362,16.0,15.0,14.0,13.0,12.0,11.0,2,0.0015762300823998511,2.0875589493780153e-06
