,time,Previous (Departure) Region,Banadir,level_0,index,admin1,year,month,TA,PA,DL,TA_lag1,TA_lag2,TA_lag3,TA_lag4,TA_lag5,TA_lag6,PA_lag1,PA_lag2,PA_lag3,PA_lag4,PA_lag5,PA_lag6,DL_lag1,DL_lag2,DL_lag3,DL_lag4,DL_lag5,DL_lag6,conflicts,yr_mth,sum_disp,population_density,inv_distance,log_disp_ban,x,x_dist,inv_distance_2,gdp_mean,accessibility_to_cities_mean,shapeName,gdp_pp_destination,Disp_log
1,2022-01,Bakool,3048,1297,1452,Bakool,2022,1,0.7605834802284172,0.5890143962916854,0.04597701149425287,0.6427639664964941,0.4838717625499126,0.4219698161775595,0.47966227498977837,0.4345744436012048,0.4578085462828806,0.5408123821052285,0.33997801667404504,0.23923505759802055,0.03405028510293731,0.07793706492554237,0.17611635417056137,0.04046242774566474,0.029239766081871343,0.029239766081871343,0.023529411764705882,0.01775147928994083,0.011904761904761904,0.09302325581395349,2022-01,0.017664869278266344,0.10923212783951888,0.28002343207492286,8.022240916806537,0.18479648892047884,0.3548415921922077,0.15299238224724954,0.034269207850357586,0.2396657303160108,Bakool,0.11337357728381947,0.7192088990976866
3,2022-01,Bay,34277,1300,1452,Bay,2022,1,0.8363810190448007,0.5646435314169908,0.2471264367816092,0.7853826433111777,0.6999408423180592,0.5997828256340357,0.6111040096319408,0.6297495956226856,0.6956021260466372,0.5138469686080063,0.31017862959733156,0.1729289921257827,0.0,0.048453079626130297,0.15559492831886618,0.24277456647398843,0.23391812865497075,0.23391812865497075,0.22941176470588234,0.22485207100591714,0.22023809523809523,0.10465116279069767,2022-01,0.0840803551684839,0.10053790455849915,0.34990182636372524,10.442229854296327,0.3382623264230557,0.5875955988511562,0.20657670899278555,0.1879583329237419,0.16147689760690798,Bay,0.690152857978403,0.9814891276913178
4,2022-01,Galgaduud,18,1301,1452,Galgaduud,2022,1,0.4232771845178056,0.41253411974868837,0.034482758620689655,0.21058048639636745,0.10445347709246855,0.06897403520848489,0.2722970673639913,0.18087164749511964,0.1217234136105452,0.33482300136925947,0.2258666591770156,0.21622047169562775,0.29939812313070346,0.307197305686488,0.31593354842793253,0.028901734104046242,0.017543859649122806,0.017543859649122806,0.011764705882352941,0.005917159763313609,0.0,0.18604651162790697,2022-01,1.0,0.0031949352673421444,0.17775360482559616,2.8903717578961645,0.024492125709803587,0.047070340113209666,0.08566252913034295,0.0,0.5045525450071277,Galgaduud,0.5454441950719514,0.16301304412498333
6,2022-01,Hiraan,290,1303,1452,Hiraan,2022,1,0.5334959870798097,0.4387411180402301,0.034482758620689655,0.37801515667323154,0.2426682392597235,0.20481998926344036,0.3187785661365611,0.2691674748227689,0.30409519329196183,0.36896328883686813,0.24146290595369285,0.20783783709209364,0.2496144070870264,0.26662464029743405,0.29440004003710907,0.028901734104046242,0.017543859649122806,0.017543859649122806,0.011764705882352941,0.005917159763313609,0.0,0.23255813953488372,2022-01,0.0056898399360424574,0.0,0.5017432022319003,5.66988092298052,0.18685578452873766,0.2494047341975553,0.34422458867737493,0.05714120766014577,0.5885775562002598,Hiraan,1.0,0.46425834649095454
7,2022-01,Lower Juba,132,1304,1452,Lower Juba,2022,1,0.9162802526121753,0.6025120949627818,0.9367816091954023,1.0,1.0,0.8452738709864311,0.8203428465670592,0.814988296882358,0.9567272837552925,0.5539486234651556,0.5508225424549968,0.3477616752591934,0.30708811787700396,0.235241431309946,0.27089968105639245,0.9364161849710982,0.935672514619883,0.935672514619883,0.9352941176470588,0.9349112426035503,0.9345238095238094,0.3255813953488372,2022-01,0.011779414516321082,0.16095237386298109,0.015152044201296566,4.882801922586371,0.10424860456459867,0.3876885757177607,0.00574966922777842,0.039153384255340457,0.38841259897393965,Lower Juba,0.0,0.37895413003500844
8,2022-01,Lower Shabelle,18721,1305,1452,Lower Shabelle,2022,1,0.7144502819182725,0.41824562247822544,0.23563218390804597,0.6526949613732295,0.6093337638021276,0.5115676664485245,0.5359613033430448,0.5524801645779374,0.6598074897254689,0.38180078352660207,0.23938067194743945,0.16894036981783733,0.1943516197945113,0.2108128876585403,0.25572357290799996,0.23121387283236994,0.2222222222222222,0.2222222222222222,0.21764705882352942,0.21301775147928995,0.20833333333333331,0.5116279069767442,2022-01,0.01108200513701543,1.0,0.8311127926489761,9.837401167408268,0.9186844418116076,0.9166377100871556,0.7426717462482046,0.9999999999999999,0.08296218788690846,Lower Shabelle,0.21968073428723167,0.9159373378465532
9,2022-01,Middle Juba,254,1306,1452,Middle Juba,2022,1,0.8828650081978626,0.479893659184964,0.9367816091954023,0.9127791619852993,0.9145218373407039,0.7779170685371539,0.7637429260445887,0.7776969339472227,0.8845676925572306,0.46300973632986697,0.3284052692191541,0.22695108929220822,0.17851675910817486,0.17004843540273012,0.24115400816617014,0.9364161849710982,0.935672514619883,0.935672514619883,0.9352941176470588,0.9349112426035503,0.9345238095238094,0.0,2022-01,0.006166119512153635,0.02482285325190081,0.11662879723169128,5.537334267018537,0.1740587947783502,0.4795788888536482,0.05171362926829642,0.08986204560408767,0.5960955040559042,Middle Juba,0.8777920354446896,0.4498928398200478
10,2022-01,Middle Shabelle,234,1307,1452,Middle Shabelle,2022,1,0.31969580279050624,0.38521436087935645,0.034482758620689655,0.19350381132591232,0.10573425768383032,0.1252173903199991,0.20667282651868113,0.19682209588194244,0.34009575809751086,0.3330495118667239,0.21343712602534534,0.17847294115854107,0.27219535980055864,0.29162225632463834,0.3042710521834903,0.028901734104046242,0.017543859649122806,0.017543859649122806,0.011764705882352941,0.005917159763313609,0.0,0.23255813953488372,2022-01,0.008649577301876201,0.2379307952048895,0.9999999999999998,5.455321115357701,0.24363046357155277,0.19082242539134475,1.0,0.44308614018854486,0.0,Middle Shabelle,0.7292471613009842,0.4410041925076347
11,2022-01,Mudug,41,1308,1452,Mudug,2022,1,0.36724074038906346,0.3632330503590764,0.017241379310344827,0.1323382002188958,0.062369857820559205,0.0,0.2566273626848057,0.1464214119662287,0.0,0.31248062514031416,0.24968888125424346,0.2573439309246881,0.35313364080734044,0.35063464515552,0.28484007693253643,0.011560693641618497,0.0,0.0,0.011764705882352941,0.005917159763313609,0.0,0.011627906976744186,2022-01,0.6785197911173859,0.050718681885182554,0.0,3.7135720667043075,0.0,0.0,0.0,0.06794018611938496,1.0,Mudug,0.5260861670737208,0.2522321152652448
18,2022-02,Bakool,1010,1315,1453,Bakool,2022,2,0.8437551877224593,0.18366523433713894,0.05172413793103448,0.7779272040328826,0.5499654356367439,0.5204490251844885,0.4219698161775595,0.47966227498977837,0.66952722433182,0.5610548408607221,0.3945140507048864,0.35711299328422097,0.3305526790551472,0.03434592957609153,0.07793706492554237,0.046242774566473986,0.03508771929824561,0.03508771929824561,0.029411764705882353,0.023668639053254437,0.017857142857142856,0.046511627906976744,2022-02,0.010129445984793074,0.10923212783951888,0.28002343207492286,6.917705609835305,0.20994187902309794,0.4053878077162659,0.15299238224724954,0.034269207850357586,0.2396657303160108,Bakool,0.11337357728381947,0.5994985283954762
20,2022-02,Bay,30236,1318,1453,Bay,2022,2,0.8269768575861316,0.16361145861243973,0.25287356321839083,0.8596285758017732,0.6845931140579162,0.7212056013838783,0.5997828256340357,0.6111040096319408,0.8256919981487111,0.5378408213053516,0.3704619564424831,0.32026990355021806,0.2602763630808574,0.0,0.048453079626130297,0.24855491329479767,0.23976608187134502,0.23976608187134502,0.23529411764705882,0.23076923076923075,0.22619047619047616,0.2906976744186046,2022-02,0.03570395822347718,0.10053790455849915,0.34990182636372524,10.316788546412067,0.3309138543701417,0.5744281971156403,0.20657670899278555,0.1879583329237419,0.16147689760690798,Bay,0.690152857978403,0.9678937040109536
21,2022-02,Galgaduud,18,1319,1453,Galgaduud,2022,2,0.555745338582102,0.39925441880981105,0.040229885057471264,0.4143482871422016,0.14199741996467208,0.16791956554308873,0.06897403520848489,0.2722970673639913,0.46653294273259716,0.3929517960212982,0.21077957902597133,0.21602905175519188,0.3061600341383532,0.30199767259434973,0.307197305686488,0.03468208092485549,0.023391812865497075,0.023391812865497075,0.01764705882352941,0.011834319526627219,0.005952380952380952,0.09302325581395349,2022-02,0.006217149466736975,0.0031949352673421444,0.17775360482559616,2.8903717578961645,0.03413620947240929,0.07066316471898298,0.08566252913034295,0.0,0.5045525450071277,Galgaduud,0.5454441950719514,0.16301304412498333
23,2022-02,Hiraan,143,1321,1453,Hiraan,2022,2,0.627685316252721,0.3630672800027377,0.040229885057471264,0.5331519779302968,0.3000506388700651,0.29633924716845417,0.20481998926344036,0.3187785661365611,0.5371807570715865,0.4179147907264681,0.24123138027133545,0.23531179465280683,0.2972754671850986,0.25178170523598037,0.26662464029743405,0.03468208092485549,0.023391812865497075,0.023391812865497075,0.01764705882352941,0.011834319526627219,0.005952380952380952,0.12790697674418605,2022-02,0.001683988501250234,0.0,0.5017432022319003,4.962844630259907,0.2288273139882246,0.31025272781105584,0.34422458867737493,0.05714120766014577,0.5885775562002598,Hiraan,1.0,0.3876292191400209
24,2022-02,Lower Juba,5,1322,1453,Lower Juba,2022,2,0.8178114759815392,0.4055429890905945,0.9425287356321839,0.9457511213048801,0.8871853489967418,1.0,0.8452738709864311,0.8203428465670592,0.9739063563020871,0.5739118257282836,0.40623106425912664,0.6177949919868484,0.44557761410533286,0.309754436368823,0.235241431309946,0.9421965317919074,0.9415204678362572,0.9415204678362572,0.9411764705882353,0.9408284023668639,0.9404761904761905,0.3837209302325581,2022-02,0.025251322526322954,0.16095237386298109,0.015152044201296566,1.6094379124341003,0.09181601699965349,0.3412538347198837,0.00574966922777842,0.039153384255340457,0.38841259897393965,Lower Juba,0.0,0.02418446660693982
25,2022-02,Lower Shabelle,22163,1323,1453,Lower Shabelle,2022,2,0.7171524299458921,0.32802366757588175,0.24137931034482757,0.7282007136364637,0.5593399917224429,0.6370197156393446,0.5115676664485245,0.5359613033430448,0.7638666935590421,0.39839218300533574,0.2526819234793003,0.23273738148980802,0.256048911495261,0.19603909413039766,0.2108128876585403,0.23699421965317918,0.22807017543859648,0.22807017543859648,0.22352941176470587,0.21893491124260356,0.21428571428571427,0.5930232558139534,2022-02,0.008981272006667915,1.0,0.8311127926489761,10.006179510759674,0.8455565668738788,0.8416691893380794,0.7426717462482046,0.9999999999999999,0.08296218788690846,Lower Shabelle,0.21968073428723167,0.9342296621584893
26,2022-02,Middle Juba,1140,1324,1453,Middle Juba,2022,2,0.8436898180351611,0.26665567293026343,0.9425287356321839,0.9097331799670275,0.8048515397501023,0.9205795512541236,0.7779170685371539,0.7637429260445887,0.9440685557533366,0.4571138876727152,0.3251171334187436,0.34280478715058915,0.3175331757573851,0.18006674593019958,0.17004843540273012,0.9421965317919074,0.9415204678362572,0.9415204678362572,0.9411764705882353,0.9408284023668639,0.9404761904761905,0.0,2022-02,0.01154977972069605,0.02482285325190081,0.11662879723169128,7.038783541388541,0.1527207666679652,0.4195996204095185,0.05171362926829642,0.08986204560408767,0.5960955040559042,Middle Juba,0.8777920354446896,0.612621046053911
27,2022-02,Middle Shabelle,413,1325,1453,Middle Shabelle,2022,2,0.3616154815056412,0.3845387047354112,0.040229885057471264,0.30269900262732957,0.1258775598507309,0.16910957906404384,0.1252173903199991,0.20667282651868113,0.47929531611264725,0.3669288616731947,0.2091976957482399,0.20066154087049293,0.26615227067990826,0.2745587189765534,0.29162225632463834,0.03468208092485549,0.023391812865497075,0.023391812865497075,0.01764705882352941,0.011834319526627219,0.005952380952380952,0.16279069767441862,2022-02,0.011668849614723843,0.2379307952048895,0.9999999999999998,6.023447592961032,0.2826084828507722,0.22556441842319183,1.0,0.44308614018854486,0.0,Middle Shabelle,0.7292471613009842,0.5025781691930239
28,2022-02,Mudug,16,1326,1453,Mudug,2022,2,0.49084009513385746,0.38771053468082595,0.022988505747126436,0.3539471919897631,0.06813908964146234,0.1288183515786801,0.0,0.2566273626848057,0.4389684029662043,0.3459909682133572,0.19085105320677598,0.24548214967949494,0.3497458689206523,0.35619975343676213,0.35063464515552,0.017341040462427744,0.005847953216374269,0.005847953216374269,0.0,0.011834319526627219,0.005952380952380952,0.046511627906976744,2022-02,0.015912840837571655,0.050718681885182554,0.0,2.772588722239781,0.0005749085780532015,0.002258072602785044,0.0,0.06794018611938496,1.0,Mudug,0.5260861670737208,0.15024762977211778
37,2022-03,Bay,11867,1336,1454,Bay,2022,3,0.6396653700155652,0.32402504226965556,0.25862068965517243,0.8494919288405751,0.7546790084629809,0.7069455444555517,0.7212056013838783,0.5997828256340357,0.8107731742678536,0.1558450887664472,0.3918635346847088,0.3948024439243707,0.4164397000766092,0.26253623456225367,0.0,0.2543352601156069,0.24561403508771928,0.24561403508771928,0.2411764705882353,0.23668639053254437,0.23214285714285712,0.16279069767441862,2022-03,0.04184456275833915,0.10053790455849915,0.34990182636372524,9.38151671766514,0.3644708881936153,0.6345575603661615,0.20657670899278555,0.1879583329237419,0.16147689760690798,Bay,0.690152857978403,0.8665282369045726
38,2022-03,Galgaduud,26,1337,1454,Galgaduud,2022,3,0.4548148305349525,0.38502861350016454,0.04597701149425287,0.5571343204587139,0.33434800520425756,0.20280282341662098,0.16791956554308873,0.06897403520848489,0.5396848263974054,0.38030246088815456,0.2626281905250958,0.1973758275664505,0.30595715242425897,0.308818294464811,0.30199767259434973,0.04046242774566474,0.029239766081871343,0.029239766081871343,0.023529411764705882,0.01775147928994083,0.011904761904761904,0.11627906976744187,2022-03,0.016295565496946707,0.0031949352673421444,0.17775360482559616,3.2580965380214817,0.08354618119943893,0.1915373530220785,0.08566252913034295,0.0,0.5045525450071277,Galgaduud,0.5454441950719514,0.20286733349659244
40,2022-03,Hiraan,102,1339,1454,Hiraan,2022,3,0.5289216627681244,0.3650272181720174,0.04597701149425287,0.63467766754484,0.44649506361127633,0.34965503900798445,0.29633924716845417,0.20481998926344036,0.5768758964045627,0.3458330667062284,0.28489420553660183,0.23502554307760293,0.3263945003964617,0.2998565865094134,0.25178170523598037,0.04046242774566474,0.029239766081871343,0.029239766081871343,0.023529411764705882,0.01775147928994083,0.011904761904761904,0.18604651162790697,2022-03,0.0,0.0,0.5017432022319003,4.624972813284271,0.3359419785707707,0.4655416226968674,0.34422458867737493,0.05714120766014577,0.5885775562002598,Hiraan,1.0,0.35101041645919695
41,2022-03,Lower Juba,102,1340,1454,Lower Juba,2022,3,0.5791294436526411,0.19386307863722324,0.9482758620689655,0.8396126601786393,0.8359760630967912,0.8951803603512084,1.0,0.8452738709864311,0.9781906723727651,0.38629252296531175,0.42403745994675957,0.4390263216035074,0.7317798876798937,0.4494463793322099,0.309754436368823,0.9479768786127167,0.9473684210526316,0.9473684210526315,0.9470588235294117,0.9467455621301775,0.9464285714285714,0.34883720930232553,2022-03,0.06526731191209241,0.16095237386298109,0.015152044201296566,4.624972813284271,0.08617256621176723,0.32017598794817514,0.00574966922777842,0.039153384255340457,0.38841259897393965,Lower Juba,0.0,0.35101041645919695
42,2022-03,Lower Shabelle,8978,1341,1454,Lower Shabelle,2022,3,0.5438391369449946,0.3488293409883327,0.2471264367816092,0.7311133306425901,0.6306151175452119,0.5905689299703358,0.6370197156393446,0.5115676664485245,0.7506495181053979,0.3124529175670586,0.26748080294943344,0.24918265945815415,0.32366593745726835,0.25827207777160455,0.19603909413039766,0.24277456647398843,0.23391812865497075,0.23391812865497075,0.22941176470588234,0.22485207100591714,0.22023809523809523,0.3837209302325581,2022-03,0.006353229345625883,1.0,0.8311127926489761,9.102532419341877,0.9498135227009099,0.9485503172637836,0.7426717462482046,0.9999999999999999,0.08296218788690846,Lower Shabelle,0.21968073428723167,0.8362917079664861
44,2022-03,Middle Shabelle,477,1343,1454,Middle Shabelle,2022,3,0.29678236597284435,0.35976501927678917,0.04597701149425287,0.3478837844635098,0.228954487978226,0.18782535450362098,0.16910957906404384,0.1252173903199991,0.4871771448489615,0.36628527782752923,0.239416750804752,0.1954200333952435,0.2896694713051972,0.26846316022477074,0.2745587189765534,0.04046242774566474,0.029239766081871343,0.029239766081871343,0.023529411764705882,0.01775147928994083,0.011904761904761904,0.10465116279069767,2022-03,0.011966524349793329,0.2379307952048895,0.9999999999999998,6.167516490888341,0.48206607220263914,0.40334549369465766,1.0,0.44308614018854486,0.0,Middle Shabelle,0.7292471613009842,0.5181924651496005
45,2022-03,Mudug,48,1344,1454,Mudug,2022,3,0.378246550102502,0.3881943653622679,0.028735632183908046,0.48717363957748744,0.2773312147243173,0.13417872627416133,0.1288183515786801,0.0,0.5271470834436651,0.3693065461640347,0.22074096868837365,0.17273678169839748,0.3371738322469618,0.3527825669348489,0.35619975343676213,0.023121387283236993,0.011695906432748537,0.011695906432748537,0.0058823529411764705,0.0,0.011904761904761904,0.046511627906976744,2022-03,0.0554185306775077,0.050718681885182554,0.0,3.8712010109078907,0.02142107162103611,0.08413569878110547,0.0,0.06794018611938496,1.0,Mudug,0.5260861670737208,0.2693160592776389
54,2022-04,Bay,2425,1354,1455,Bay,2022,4,0.7170119833643124,0.7815198737724433,0.26436781609195403,0.647590841792628,0.7451103230857188,0.7720645527640557,0.7069455444555517,0.7212056013838783,0.801714797112458,0.30864410050083635,0.05113828054358506,0.4212627286811593,0.49543507282864707,0.4200554729066298,0.26253623456225367,0.26011560693641617,0.25146198830409355,0.25146198830409355,0.24705882352941178,0.24260355029585798,0.23809523809523808,0.24418604651162792,2022-04,0.006285189406181429,0.10053790455849915,0.34990182636372524,7.793586803371583,0.3598894142525799,0.6263482200450688,0.20657670899278555,0.1879583329237419,0.16147689760690798,Bay,0.690152857978403,0.6944271936065859
55,2022-04,Galgaduud,41,1355,1455,Galgaduud,2022,4,0.34639462484691,0.4105653380040252,0.05172413793103448,0.44834238486883715,0.4691336630557057,0.38152180053303525,0.20280282341662098,0.16791956554308873,0.3770007193301568,0.36675193141999735,0.2513454782829697,0.26147993283304716,0.2861870172535012,0.3086136512131175,0.308818294464811,0.046242774566473986,0.03508771929824561,0.03508771929824561,0.029411764705882353,0.023668639053254437,0.017857142857142856,0.12790697674418605,2022-04,0.03073704264403205,0.0031949352673421444,0.17775360482559616,3.7135720667043075,0.11816918759868629,0.27623741758075737,0.08566252913034295,0.0,0.5045525450071277,Galgaduud,0.5454441950719514,0.2522321152652448
57,2022-04,Hiraan,37,1357,1455,Hiraan,2022,4,0.47584697211236304,0.46303924044274114,0.05172413793103448,0.5282213617517711,0.5423322162071785,0.4857211589085375,0.34965503900798445,0.29633924716845417,0.4856946410164432,0.3476999697982158,0.2206001267193073,0.28900898190294,0.3260911087534213,0.3292284481833432,0.2998565865094134,0.046242774566473986,0.03508771929824561,0.03508771929824561,0.029411764705882353,0.023668639053254437,0.017857142857142856,0.08139534883720931,2022-04,0.0014033237510418617,0.0,0.5017432022319003,3.6109179126442243,0.4060406830656472,0.5671668333658293,0.34422458867737493,0.05714120766014577,0.5885775562002598,Hiraan,1.0,0.2411063805249479
58,2022-04,Lower Juba,22,1358,1455,Lower Juba,2022,4,0.7534454350485749,0.4437912558229343,0.9540229885057471,0.5823398019517089,0.7357845949681899,0.8476002025705514,0.8951803603512084,1.0,0.9981386408982162,0.18466071358927216,0.25668837939339667,0.4610416279072832,0.5423069717907205,0.7381336282933408,0.4494463793322099,0.9537572254335259,0.9532163742690059,0.9532163742690059,0.9529411764705882,0.9526627218934911,0.9523809523809523,0.3837209302325581,2022-04,0.014356427222779774,0.16095237386298109,0.015152044201296566,3.0910424533583156,0.07513109961419495,0.27893697482908764,0.00574966922777842,0.039153384255340457,0.38841259897393965,Lower Juba,0.0,0.18476188564342852
59,2022-04,Lower Shabelle,2741,1359,1455,Lower Shabelle,2022,4,0.683166722913995,0.49054082978980573,0.25287356321839083,0.5443007506423491,0.633364539110624,0.6567928905838307,0.5905689299703358,0.6370197156393446,0.7311315274762173,0.3322709795005435,0.19082633913503394,0.26747956076277457,0.341095919805903,0.32647619426622737,0.25827207777160455,0.24855491329479767,0.23976608187134502,0.23976608187134502,0.23529411764705882,0.23076923076923075,0.22619047619047616,0.7441860465116279,2022-04,0.005392165200972972,1.0,0.8311127926489761,7.916078096302786,0.9538352107636966,0.9526732321609835,0.7426717462482046,0.9999999999999999,0.08296218788690846,Lower Shabelle,0.21968073428723167,0.7077028924385195
61,2022-04,Middle Shabelle,289,1361,1455,Middle Shabelle,2022,4,0.323663957089326,0.3760180925788877,0.05172413793103448,0.2780008495055274,0.27160754306494805,0.283597369630596,0.18782535450362098,0.16910957906404384,0.42200250740985057,0.3426875589262111,0.238842699184023,0.23278198833269526,0.2841141147493711,0.2921845509285835,0.26846316022477074,0.046242774566473986,0.03508771929824561,0.03508771929824561,0.029411764705882353,0.023668639053254437,0.017857142857142856,0.1744186046511628,2022-04,0.00920240180986239,0.2379307952048895,0.9999999999999998,5.666426688112432,0.5646012786803402,0.4769109960304595,1.0,0.44308614018854486,0.0,Middle Shabelle,0.7292471613009842,0.4638839739073519
62,2022-04,Mudug,17,1362,1455,Mudug,2022,4,0.25973197039111645,0.39885860048680305,0.034482758620689655,0.3658102387991531,0.4030929153909209,0.3285457076329615,0.13417872627416133,0.1288183515786801,0.3218127791850617,0.36976741018992093,0.24153755238288566,0.2096917981017658,0.2600726435473234,0.34010137249206385,0.3527825669348489,0.028901734104046242,0.017543859649122806,0.017543859649122806,0.011764705882352941,0.005917159763313609,0.0,0.11627906976744187,2022-04,0.013846127676946368,0.050718681885182554,0.0,2.833213344056216,0.03395332595718989,0.13335872527243073,0.0,0.06794018611938496,1.0,Mudug,0.5260861670737208,0.15681817206761708
69,2022-05,Bakool,890,1369,1456,Bakool,2022,5,0.7534057232845491,0.9023007315702493,0.06896551724137931,0.7307988035197912,0.6690476118828409,0.7790359916374957,0.7004065894445369,0.5818587351327702,0.7382377362524035,0.7748802436240574,0.19280667935825266,0.02106541809254242,0.5506129109085458,0.5315282912343429,0.45944368747003705,0.06358381502890173,0.05263157894736842,0.05263157894736842,0.047058823529411764,0.04142011834319526,0.03571428571428571,0.15116279069767444,2022-05,0.009593631461668,0.10923212783951888,0.28002343207492286,6.7912214627261855,0.2552467869836989,0.4964578461101281,0.15299238224724954,0.034269207850357586,0.2396657303160108,Bakool,0.11337357728381947,0.5857900810123814
71,2022-05,Bay,2827,1372,1456,Bay,2022,5,0.8236151720566561,0.8691746224811405,0.27011494252873564,0.73096194474597,0.5545218586078489,0.7631739862973979,0.7720645527640557,0.7069455444555517,0.8988683543906217,0.7444223964124514,0.1874290232691205,0.0,0.5234797369041583,0.4997367296472539,0.4200554729066298,0.2658959537572254,0.2573099415204678,0.2573099415204678,0.2529411764705882,0.2485207100591716,0.24404761904761904,0.22093023255813954,2022-05,0.0073738284372926914,0.10053790455849915,0.34990182636372524,7.94697135769359,0.26863590877708143,0.46283510361517033,0.20657670899278555,0.1879583329237419,0.16147689760690798,Bay,0.690152857978403,0.7110511274382991
74,2022-05,Hiraan,29,1375,1456,Hiraan,2022,5,0.4965963960353238,0.43625736681121663,0.05747126436781609,0.47101270959105024,0.441840712413198,0.5747664709378998,0.4857211589085375,0.34965503900798445,0.5589216069626679,0.44105952077650273,0.22226533126556353,0.2095176652146944,0.3833069483187559,0.32892242231676555,0.3292284481833432,0.05202312138728323,0.04093567251461988,0.04093567251461988,0.03529411764705882,0.029585798816568046,0.023809523809523808,0.1744186046511628,2022-05,0.0036656517375699537,0.0,0.5017432022319003,3.3672958299864737,0.3325376204443856,0.4606061732576875,0.34422458867737493,0.05714120766014577,0.5885775562002598,Hiraan,1.0,0.21470243522583807
76,2022-05,Lower Shabelle,3191,1377,1456,Lower Shabelle,2022,5,0.748170274252274,0.5055692440459885,0.25862068965517243,0.6944804936349397,0.45701916480890004,0.6593474646144749,0.6567928905838307,0.5905689299703358,0.8315090124369758,0.46725565440528627,0.20850327532484714,0.17270622594365861,0.36048839632032204,0.34405751390713346,0.32647619426622737,0.2543352601156069,0.24561403508771928,0.24561403508771928,0.2411764705882353,0.23668639053254437,0.23214285714285712,0.9534883720930232,2022-05,0.010120940992362517,1.0,0.8311127926489761,8.068089626278244,0.6958878316935797,0.6882332568922526,0.7426717462482046,0.9999999999999999,0.08296218788690846,Lower Shabelle,0.21968073428723167,0.7241780168546612
78,2022-05,Middle Shabelle,457,1379,1456,Middle Shabelle,2022,5,0.3131265388647637,0.3556448489461867,0.05747126436781609,0.30697623450935096,0.20564018517902546,0.3232276643161785,0.283597369630596,0.18782535450362098,0.45712180234339644,0.358169125272326,0.21779445679565146,0.23207224771554696,0.32371321525249014,0.2865809595207682,0.2921845509285835,0.05202312138728323,0.04093567251461988,0.04093567251461988,0.03529411764705882,0.029585798816568046,0.023809523809523808,0.2906976744186046,2022-05,0.003436016941944922,0.2379307952048895,0.9999999999999998,6.124683390894204,0.4369520518469276,0.3631343436716409,1.0,0.44308614018854486,0.0,Middle Shabelle,0.7292471613009842,0.5135501814251595
86,2022-06,Bakool,5964,1387,1457,Bakool,2022,6,0.6466699644564265,1.0,0.07471264367816091,0.7701903751371805,0.6330676351055621,0.6925017295639571,0.7790359916374957,0.7004065894445369,0.7873732607538975,0.8594699833261199,0.6032934291345915,0.17515466061649518,0.0993195571275099,0.5553936539615147,0.5315282912343429,0.06936416184971098,0.05847953216374269,0.05847953216374269,0.052941176470588235,0.047337278106508875,0.041666666666666664,0.023255813953488372,2022-06,0.01003589106805695,0.10923212783951888,0.28002343207492286,8.693496675884628,0.2415581764148893,0.46894157146844384,0.15299238224724954,0.034269207850357586,0.2396657303160108,Bakool,0.11337357728381947,0.7919601051913864
88,2022-06,Bay,20678,1390,1457,Bay,2022,6,0.6984689365516428,0.984919842914457,0.27586206896551724,0.8458684032815313,0.6332216354442679,0.5860922509897212,0.7631739862973979,0.7720645527640557,0.8874585076874766,0.8279163167598429,0.5761262205828336,0.1685058840715128,0.07699279158263117,0.5280248938846676,0.4997367296472539,0.27167630057803466,0.2631578947368421,0.2631578947368421,0.2588235294117647,0.2544378698224852,0.25,0.3255813953488372,2022-06,0.017868989096599706,0.10053790455849915,0.34990182636372524,9.936825612146638,0.3063172581501258,0.530354645304718,0.20657670899278555,0.1879583329237419,0.16147689760690798,Bay,0.690152857978403,0.9267130342515226
89,2022-06,Galgaduud,11,1391,1457,Galgaduud,2022,6,0.3551160346417741,0.3613760289414698,0.06321839080459771,0.3607886844160509,0.25612040057171226,0.4113370625688548,0.5067553935120721,0.38152180053303525,0.48408065355463237,0.3373579723624013,0.2609554722918444,0.23258687065231493,0.3393446397758876,0.35720428432547147,0.2886718601757766,0.057803468208092484,0.04678362573099415,0.04678362573099415,0.041176470588235294,0.03550295857988166,0.02976190476190476,0.06976744186046513,2022-06,0.013097688343057376,0.0031949352673421444,0.17775360482559616,2.3978952727983707,0.06345149976993912,0.14237868682370594,0.08566252913034295,0.0,0.5045525450071277,Galgaduud,0.5454441950719514,0.10963807075736967
91,2022-06,Hiraan,199,1393,1457,Hiraan,2022,6,0.44713743097023,0.4640139267921084,0.06321839080459771,0.4933782959200051,0.38783749068923035,0.4813966548566001,0.5747664709378998,0.4857211589085375,0.6015809746498637,0.41554893912877355,0.30553839958534723,0.211576475362878,0.2990558794458113,0.38663504323630127,0.32892242231676555,0.057803468208092484,0.04678362573099415,0.04678362573099415,0.041176470588235294,0.03550295857988166,0.02976190476190476,0.11627906976744187,2022-06,0.006191634489445305,0.0,0.5017432022319003,5.293304824724492,0.2930377419644654,0.4033414420355337,0.34422458867737493,0.05714120766014577,0.5885775562002598,Hiraan,1.0,0.42344474457592296
93,2022-06,Lower Shabelle,40661,1395,1457,Lower Shabelle,2022,6,0.6366013016900216,0.5243226717387117,0.26436781609195403,0.7645471395593185,0.5987842589504773,0.4954994322564777,0.6593474646144749,0.6567928905838307,0.7943425167919806,0.4815706942786344,0.32890432629049193,0.19456147231456353,0.26004025818620197,0.36361836723498975,0.34405751390713346,0.26011560693641617,0.25146198830409355,0.25146198830409355,0.24705882352941178,0.24260355029585798,0.23809523809523808,0.686046511627907,2022-06,0.059135212369660996,1.0,0.8311127926489761,10.613024681075675,0.9032532622995513,0.9008181241574754,0.7426717462482046,0.9999999999999999,0.08296218788690846,Lower Shabelle,0.21968073428723167,1.0
95,2022-06,Middle Shabelle,159,1397,1457,Middle Shabelle,2022,6,0.2999956383666342,0.3617483738813501,0.06321839080459771,0.29561806197112656,0.23299206434063888,0.261935317792981,0.3232276643161785,0.283597369630596,0.47209678664881466,0.33876296638024134,0.23160340851540778,0.2060488170637194,0.3229609770444881,0.32652388255489495,0.2865809595207682,0.057803468208092484,0.04678362573099415,0.04678362573099415,0.041176470588235294,0.03550295857988166,0.02976190476190476,0.12790697674418605,2022-06,0.007297283505417681,0.2379307952048895,0.9999999999999998,5.0689042022202315,0.4898789287040945,0.4103092699755396,1.0,0.44308614018854486,0.0,Middle Shabelle,0.7292471613009842,0.3991240356440794
96,2022-06,Mudug,17,1398,1457,Mudug,2022,6,0.34609195349090033,0.33728817712170045,0.04597701149425287,0.3216412860210549,0.16794160035753167,0.3389504505977386,0.44539485823762803,0.3285457076329615,0.4291727080623644,0.3416947965915868,0.2510091827399288,0.23591232354796668,0.3264923172026549,0.3018386193565055,0.26233074621668245,0.04046242774566474,0.029239766081871343,0.029239766081871343,0.023529411764705882,0.01775147928994083,0.011904761904761904,0.023255813953488372,2022-06,0.03868070557417204,0.050718681885182554,0.0,2.833213344056216,0.010520308815572683,0.04132069343916504,0.0,0.06794018611938496,1.0,Mudug,0.5260861670737208,0.15681817206761708
105,2022-07,Bay,2249,1408,1458,Bay,2022,7,0.6634089651139122,0.8099695387732716,0.28160919540229884,0.7109745891533316,0.7416898255421347,0.6592146883245273,0.5860922509897212,0.7631739862973979,0.9395619393915213,0.938167299824856,0.6505995322099636,0.6490797187989892,0.255588409769249,0.07766128799126057,0.5280248938846676,0.2774566473988439,0.26900584795321636,0.26900584795321636,0.2647058823529412,0.2603550295857988,0.25595238095238093,0.09302325581395349,2022-07,0.28317372297538657,0.10053790455849915,0.34990182636372524,7.718240951959316,0.3582516845390976,0.6234136446780629,0.20657670899278555,0.1879583329237419,0.16147689760690798,Bay,0.690152857978403,0.686261153330183
108,2022-07,Hiraan,7,1411,1458,Hiraan,2022,7,0.4319510890651889,0.44779377827551425,0.06896551724137931,0.44006699643471914,0.40894992162215776,0.4312205634478999,0.4813966548566001,0.5747664709378998,0.7104510568213547,0.4419879403500755,0.28278395843638704,0.3145328590171259,0.30123796628016586,0.3016524573497891,0.38663504323630127,0.06358381502890173,0.05263157894736842,0.05263157894736842,0.047058823529411764,0.04142011834319526,0.03571428571428571,0.15116279069767444,2022-07,0.001360798788889078,0.0,0.5017432022319003,1.9459101490553132,0.30848012539353076,0.4257289523400124,0.34422458867737493,0.05714120766014577,0.5885775562002598,Hiraan,1.0,0.060651581712003966
109,2022-07,Lower Juba,9,1412,1458,Lower Juba,2022,7,0.7211493416989191,0.5023170966334387,0.9712643678160919,0.8341553605251136,0.8108309940207177,0.6936583785176716,0.5288624087208864,0.7545091590604307,1.0,0.4521705018936719,0.24853140139844537,0.29431388135320086,0.11067327334917543,0.34935316461219706,0.5705517239938342,0.9710982658959537,0.9707602339181287,0.9707602339181286,0.9705882352941176,0.9704142011834319,0.9702380952380952,0.25581395348837205,2022-07,0.017843474119308034,0.16095237386298109,0.015152044201296566,2.197224577336219,0.08340148754126857,0.30982622610839883,0.00574966922777842,0.039153384255340457,0.38841259897393965,Lower Juba,0.0,0.08788922923892445
110,2022-07,Lower Shabelle,12605,1413,1458,Lower Shabelle,2022,7,0.5932900901798616,0.4853198763263639,0.27011494252873564,0.6442881146948926,0.6649250343821158,0.6272178389576428,0.4954994322564777,0.6593474646144749,0.8473300499044278,0.4994339272589765,0.34167278201765144,0.3434218067025133,0.2832041450601825,0.26229807966693075,0.36361836723498975,0.2658959537572254,0.2573099415204678,0.2573099415204678,0.2529411764705882,0.2485207100591716,0.24404761904761904,0.45348837209302323,2022-07,0.022044940380003063,1.0,0.8311127926489761,9.44184883962202,1.0,1.0,0.7426717462482046,0.9999999999999999,0.08296218788690846,Lower Shabelle,0.21968073428723167,0.8730670778444007
112,2022-07,Middle Shabelle,1187,1415,1458,Middle Shabelle,2022,7,0.3129829713159498,0.36539904149556807,0.06896551724137931,0.281464402102871,0.2222702960976535,0.28734880878853275,0.261935317792981,0.3232276643161785,0.5487264955302292,0.344576766913381,0.2142938737296097,0.22312180068025386,0.2953793248653436,0.32576511297518723,0.32652388255489495,0.06358381502890173,0.05263157894736842,0.05263157894736842,0.047058823529411764,0.04142011834319526,0.03571428571428571,0.1744186046511628,2022-07,0.023133579411114324,0.2379307952048895,0.9999999999999998,7.079184394609668,0.4691319188136744,0.3918169892908482,1.0,0.44308614018854486,0.0,Middle Shabelle,0.7292471613009842,0.6169997210362878
120,2022-08,Bakool,1244,1423,1459,Bakool,2022,8,0.463330046651335,0.2914680658885867,0.08620689655172414,0.5846896114646734,0.5616489970235911,0.693620835555534,0.6590716017673703,0.6925017295639571,0.9451399710393678,0.798981399474636,0.7617515148718252,0.7759535455543675,0.8005378257169163,0.2649156524854549,0.100181907561643,0.08092485549132948,0.07017543859649122,0.07017543859649122,0.06470588235294117,0.05917159763313609,0.05357142857142857,0.11627906976744187,2022-08,0.008249842657640035,0.10923212783951888,0.28002343207492286,7.126087273299125,0.21438689917614948,0.4143230020301343,0.15299238224724954,0.034269207850357586,0.2396657303160108,Bakool,0.11337357728381947,0.6220830904491788
122,2022-08,Bay,3039,1426,1459,Bay,2022,8,0.5472414827333366,0.28179240022782565,0.28735632183908044,0.6731838138145739,0.6143541817466587,0.7599958944737774,0.6592146883245273,0.5860922509897212,0.9324483632677696,0.7715216020856457,0.7489390973523818,0.7411563409121622,0.7649378699996239,0.25780757770050494,0.07766128799126057,0.28323699421965315,0.27485380116959063,0.27485380116959063,0.27058823529411763,0.2662721893491124,0.26190476190476186,0.37209302325581395,2022-08,0.24746125975947883,0.10053790455849915,0.34990182636372524,8.019283792916793,0.297283546198984,0.5141675368055512,0.20657670899278555,0.1879583329237419,0.16147689760690798,Bay,0.690152857978403,0.7188884037773295
123,2022-08,Galgaduud,12,1427,1459,Galgaduud,2022,8,0.3618828192887658,0.3680047616126072,0.07471264367816091,0.36656985454061686,0.26499438968174577,0.3345461872175695,0.30883807324007273,0.4113370625688548,0.7272811012980762,0.35794620323960397,0.21916320437133388,0.20017137920939918,0.3519375920664257,0.32631528612296096,0.3422910282405058,0.06936416184971098,0.05847953216374269,0.05847953216374269,0.052941176470588235,0.047337278106508875,0.041666666666666664,0.13953488372093023,2022-08,0.006310704383473099,0.0031949352673421444,0.17775360482559616,2.4849066497880004,0.06573100180777587,0.14795515143050594,0.08566252913034295,0.0,0.5045525450071277,Galgaduud,0.5454441950719514,0.11906842950552113
124,2022-08,Gedo,30,1428,1459,Gedo,2022,8,0.6186591082342173,0.4027754563366557,0.28735632183908044,0.7424172642402488,0.696475053413375,0.8397594399378043,0.6880166480898656,0.6319505140947272,0.9424304843642011,1.0,1.0,1.0,1.0,0.2782283597704996,0.0540678216390732,0.28323699421965315,0.27485380116959063,0.27485380116959063,0.27058823529411763,0.2662721893491124,0.26190476190476186,0.08139534883720931,2022-08,0.08462467468403954,0.05770226011574697,0.05234689120045444,3.4011973816621555,0.09110347566246632,0.2985202840620579,0.02109060051738606,0.007425122421044733,0.3606849911511749,Gedo,0.2020332842625826,0.21837671099851982
125,2022-08,Hiraan,101,1429,1459,Hiraan,2022,8,0.35230449154828664,0.3500542606787904,0.07471264367816091,0.42369779784109596,0.3586256818828858,0.45083678689777384,0.4312205634478999,0.4813966548566001,0.7816985535876919,0.42653773590344524,0.30636651353586875,0.2863999341707171,0.41035913487499937,0.3038534903371809,0.3016524573497891,0.06936416184971098,0.05847953216374269,0.05847953216374269,0.052941176470588235,0.047337278106508875,0.041666666666666664,0.5232558139534883,2022-08,0.0,0.0,0.5017432022319003,4.61512051684126,0.27167118528147466,0.37236539419233916,0.34422458867737493,0.05714120766014577,0.5885775562002598,Hiraan,1.0,0.3499426171303598
126,2022-08,Lower Juba,11,1430,1459,Lower Juba,2022,8,0.607349799344574,0.17951308873591684,0.9770114942528736,0.7354215598827579,0.7306330706432413,0.8242371282175412,0.6936583785176716,0.5288624087208864,0.9255154070404599,0.4784729210145322,0.3154489602079561,0.2440510754737508,0.3889294926112454,0.11163420338229134,0.34935316461219706,0.9768786127167629,0.9766081871345029,0.9766081871345029,0.9764705882352941,0.9763313609467456,0.9761904761904762,0.46511627906976744,2022-08,0.05922026229396656,0.16095237386298109,0.015152044201296566,2.3978952727983707,0.07456338277340076,0.27681659688485816,0.00574966922777842,0.039153384255340457,0.38841259897393965,Lower Juba,0.0,0.10963807075736967
127,2022-08,Lower Shabelle,22573,1431,1459,Lower Shabelle,2022,8,0.45922541719255644,0.32795287503239007,0.27586206896551724,0.5976034142598993,0.5514041850214884,0.6886713131755952,0.6272178389576428,0.4954994322564777,0.8493740317922971,0.4622825311115018,0.35760608723170717,0.359208351536786,0.4409778844757135,0.285663088942981,0.26229807966693075,0.27167630057803466,0.2631578947368421,0.2631578947368421,0.2588235294117647,0.2544378698224852,0.25,1.0,2022-08,0.0031893721614587767,1.0,0.8311127926489761,10.024509780783577,0.8339485473983248,0.8297689932822007,0.7426717462482046,0.9999999999999999,0.08296218788690846,Lower Shabelle,0.21968073428723167,0.9362163106664942
129,2022-08,Middle Shabelle,861,1433,1459,Middle Shabelle,2022,8,0.24281279132916905,0.35413575832752797,0.07471264367816091,0.2954633120166722,0.20890967312888128,0.27738687677320323,0.28734880878853275,0.261935317792981,0.580435736905328,0.34805414327332346,0.2194795564360993,0.20172079864872686,0.31347459839294883,0.29794398077399364,0.32576511297518723,0.06936416184971098,0.05847953216374269,0.05847953216374269,0.052941176470588235,0.047337278106508875,0.041666666666666664,0.12790697674418605,2022-08,0.005315620269097961,0.2379307952048895,0.9999999999999998,6.7580945044277305,0.4432786294500807,0.368773365845386,1.0,0.44308614018854486,0.0,Middle Shabelle,0.7292471613009842,0.5821997562548877
130,2022-08,Mudug,18,1434,1459,Mudug,2022,8,0.4459016614081919,0.4066840999437418,0.05747126436781609,0.4022396752813703,0.2558124340410338,0.3002111108595082,0.22690837722172252,0.3389504505977386,0.6781849227468111,0.33157290560712926,0.1986976606166711,0.2049540043881011,0.3389039575314321,0.3298704616828856,0.32932711429220873,0.05202312138728323,0.04093567251461988,0.04093567251461988,0.03529411764705882,0.029585798816568046,0.023809523809523808,0.011627906976744186,2022-08,0.013676027828335234,0.050718681885182554,0.0,2.8903717578961645,0.019276707867227273,0.07571326567134423,0.0,0.06794018611938496,1.0,Mudug,0.5260861670737208,0.16301304412498333
139,2022-09,Bay,1392,1444,1460,Bay,2022,9,0.30208477223434954,0.17097547481599554,0.29310344827586204,0.5479681034677889,0.5786808431403561,0.6416843438162015,0.7599958944737774,0.6592146883245273,0.7907606081667394,0.2684161732904243,0.6002976522337913,0.8627405001305314,0.8625278226440005,0.7715795075920284,0.25780757770050494,0.2890173410404624,0.2807017543859649,0.2807017543859649,0.27647058823529413,0.27218934911242604,0.26785714285714285,0.43023255813953487,2022-09,0.14937318205786798,0.10053790455849915,0.34990182636372524,7.238496840894364,0.2802031987143778,0.48356201833959567,0.20657670899278555,0.1879583329237419,0.16147689760690798,Bay,0.690152857978403,0.6342661242755947
144,2022-09,Lower Shabelle,6058,1449,1460,Lower Shabelle,2022,9,0.2566624724101586,0.2955062470190491,0.28160919540229884,0.4530965099480795,0.5073352525525822,0.5831955224269088,0.6886713131755952,0.6272178389576428,0.7182749105746886,0.31238548543047095,0.32446849480387374,0.3789078236181915,0.4577096903069636,0.44480671216201223,0.285663088942981,0.2774566473988439,0.26900584795321636,0.26900584795321636,0.2647058823529412,0.2603550295857988,0.25595238095238093,0.9186046511627907,2022-09,0.0019986732211808335,1.0,0.8311127926489761,8.709134991587183,0.7694871705474481,0.7636851084151226,0.7426717462482046,0.9999999999999999,0.08296218788690846,Lower Shabelle,0.21968073428723167,0.7936549976571098
146,2022-09,Middle Shabelle,120,1451,1460,Middle Shabelle,2022,9,0.09467795689596349,0.3389413117458475,0.08045977011494253,0.2198276112839886,0.22212421686336747,0.2649731018546456,0.27738687677320323,0.28734880878853275,0.5313941179678509,0.33732550983889614,0.22258124015416295,0.2081322249238855,0.290792154935891,0.316196368040661,0.29794398077399364,0.07514450867052022,0.06432748538011696,0.06432748538011696,0.058823529411764705,0.05325443786982249,0.047619047619047616,0.24418604651162792,2022-09,0.005511235095000766,0.2379307952048895,0.9999999999999998,4.787491742782046,0.46884925020437107,0.391565040345357,1.0,0.44308614018854486,0.0,Middle Shabelle,0.7292471613009842,0.36862434077063755
156,2022-10,Bay,3043,1462,1461,Bay,2022,10,0.43445575367298983,0.10342193524485166,0.29885057471264365,0.28371625757821395,0.4604810339544246,0.6085391231863565,0.6416843438162015,0.7599958944737774,0.8492677939896203,0.162859547097506,0.15154728545169002,0.6789645692163143,0.9913921539814711,0.8700167932336904,0.7715795075920284,0.29479768786127164,0.28654970760233917,0.28654970760233917,0.2823529411764706,0.2781065088757396,0.2738095238095238,0.13953488372093023,2022-10,0.12704757692765656,0.10053790455849915,0.34990182636372524,8.02059914989697,0.2236092859384884,0.3821538915971968,0.20657670899278555,0.1879583329237419,0.16147689760690798,Bay,0.690152857978403,0.7190309631601839
160,2022-10,Lower Juba,31,1466,1461,Lower Juba,2022,10,0.7127147420480034,0.846095207839323,0.9885057471264368,0.44977902777481554,0.5216409335092747,0.6631260906788855,0.7497227158229517,0.8242371282175412,0.8768270966606868,0.7194951745058649,0.06464863877301394,0.3557921447394015,0.4233459501610177,0.33857143951741475,0.392306405743972,0.9884393063583815,0.9883040935672514,0.9883040935672514,0.9882352941176471,0.9881656804733727,0.988095238095238,0.41860465116279066,2022-10,0.10138801476466687,0.16095237386298109,0.015152044201296566,3.4339872044851463,0.05153168412259315,0.19079500596464793,0.00574966922777842,0.039153384255340457,0.38841259897393965,Lower Juba,0.0,0.2219304967585818
161,2022-10,Lower Shabelle,24063,1467,1461,Lower Shabelle,2022,10,0.3526346461276446,0.2713621400118231,0.28735632183908044,0.23475603720055566,0.37092514499976975,0.5422496915439654,0.5831955224269088,0.6886713131755952,0.8236662730353406,0.28147904607838914,0.1907661923063681,0.3379374745219329,0.4785887202216431,0.461683793309018,0.44480671216201223,0.28323699421965315,0.27485380116959063,0.27485380116959063,0.27058823529411763,0.2662721893491124,0.26190476190476186,0.7325581395348837,2022-10,0.004618210889792309,1.0,0.8311127926489761,10.088430670035034,0.569954691392554,0.5591303498312564,0.7426717462482046,0.9999999999999999,0.08296218788690846,Lower Shabelle,0.21968073428723167,0.9431441049159053
163,2022-10,Middle Shabelle,58,1469,1461,Middle Shabelle,2022,10,0.03887017031242491,0.3335134429546293,0.0,0.06015462758370001,0.15072642365125588,0.27725114996323785,0.2649731018546456,0.27738687677320323,0.551728120693675,0.32285231892450994,0.21301171871151203,0.21196705586376127,0.2975874822645434,0.2933169823546191,0.316196368040661,0.08092485549132948,0.07017543859649122,0.07017543859649122,0.06470588235294117,0.05917159763313609,0.05357142857142857,0.5581395348837209,2022-10,0.004533160965486741,0.2379307952048895,0.9999999999999998,4.060443010546419,0.33069193432553073,0.2684222897818276,1.0,0.44308614018854486,0.0,Middle Shabelle,0.7292471613009842,0.289826250111897
164,2022-10,Mudug,43,1470,1461,Mudug,2022,10,0.0,0.4085967445538175,0.0,0.035128795925044566,0.3573682927802094,0.3709016794042474,0.3085519318525621,0.3002111108595082,0.5033681413250544,0.39209975889469856,0.2576578910903608,0.19379164038160912,0.270354851076708,0.29677353831421827,0.34184651973528346,0.06358381502890173,0.05263157894736842,0.05263157894736842,0.047058823529411764,0.04142011834319526,0.03571428571428571,0.06976744186046513,2022-10,0.020684141591113987,0.050718681885182554,0.0,3.7612001156935624,0.029396830641487987,0.11546214548587427,0.0,0.06794018611938496,1.0,Mudug,0.5260861670737208,0.2573940791828684
173,2022-11,Bay,24,1480,1462,Bay,2022,11,0.5385016070828005,0.0,0.3045977011494253,0.42639754954113523,0.21103535597460946,0.49871596373637095,0.6085391231863565,0.6416843438162015,0.9299054883901805,0.09851266418210508,0.057394903049882096,0.12414275395691313,0.7966121546342878,1.0,0.8700167932336904,0.3005780346820809,0.29239766081871343,0.29239766081871343,0.28823529411764703,0.28402366863905326,0.27976190476190477,0.18604651162790697,2022-11,0.22585007399343415,0.10053790455849915,0.34990182636372524,3.1780538303479453,0.10417502424940504,0.16814492574404832,0.20657670899278555,0.1879583329237419,0.16147689760690798,Bay,0.690152857978403,0.19419224439157998
176,2022-11,Hiraan,4,1483,1462,Hiraan,2022,11,0.10989535623660784,0.3116035363533892,0.09195402298850575,0.057619149773997104,0.011982105516790565,0.31442518092092203,0.38972199203792157,0.4040789533348481,0.682539153034516,0.298829689231819,0.18863560865020318,0.19584818488996641,0.39338567989555806,0.415016696606199,0.3838457621899799,0.08670520231213873,0.07602339181286549,0.07602339181286549,0.07058823529411765,0.0650887573964497,0.05952380952380952,0.3255813953488372,2022-11,0.0,0.0,0.5017432022319003,1.3862943611198906,0.018123735607212733,0.0047863758153562155,0.34422458867737493,0.05714120766014577,0.5885775562002598,Hiraan,1.0,0.0
178,2022-11,Lower Shabelle,4940,1485,1462,Lower Shabelle,2022,11,0.4229522760427405,0.2565303535023715,0.29310344827586204,0.33820343624283233,0.16481840212502452,0.41550677126736246,0.5422496915439654,0.5831955224269088,0.8728368144803522,0.25848102056331285,0.16319885710907547,0.17263186216563703,0.435165163445059,0.48274410716244975,0.461683793309018,0.2890173410404624,0.2807017543859649,0.2807017543859649,0.27647058823529413,0.27218934911242604,0.26785714285714285,0.6395348837209303,2022-11,0.012196159145418361,1.0,0.8311127926489761,8.505120610181969,0.26847417712482424,0.2500615001133,0.7426717462482046,0.9999999999999999,0.08296218788690846,Lower Shabelle,0.21968073428723167,0.7715437649310414
180,2022-11,Middle Shabelle,714,1487,1462,Middle Shabelle,2022,11,0.0075825376082386264,0.35463646079903344,0.0,0.0,0.0,0.21091321522108852,0.27725114996323785,0.2649731018546456,0.5437573168088549,0.3176821022370358,0.20010219844079802,0.20013557972247623,0.30165193381839905,0.30017131068610947,0.2933169823546191,0.0,0.07602339181286549,0.07602339181286549,0.07058823529411765,0.0650887573964497,0.05952380952380952,0.4767441860465116,2022-11,0.005851434792223035,0.2379307952048895,0.9999999999999998,6.570882962339584,0.03903084528024658,0.008458143048636027,1.0,0.44308614018854486,0.0,Middle Shabelle,0.7292471613009842,0.5619096279433188
190,2022-12,Bay,13,1498,1463,Bay,2022,12,0.6324291816195592,0.3719263960063943,0.3103448275862069,0.5385474832090216,0.345722141184805,0.2669481406276718,0.49871596373637095,0.6085391231863565,0.8352413041587139,0.0,0.0,0.007735504889341077,0.20856892026496682,0.8035288068753229,1.0,0.30635838150289013,0.2982456140350877,0.2982456140350877,0.29411764705882354,0.28994082840236685,0.2857142857142857,0.313953488372093,2022-12,0.22040687883787785,0.10053790455849915,0.34990182636372524,2.5649493574615367,0.16866287940541833,0.28369785835189054,0.20657670899278555,0.1879583329237419,0.16147689760690798,Bay,0.690152857978403,0.1277435186105336
194,2022-12,Lower Juba,11,1502,1463,Lower Juba,2022,12,1.0000000000000002,0.9701672925444044,1.0,0.9259260016733424,0.6288492147529974,0.41259710144495904,0.5555415495559871,0.6631260906788855,0.921685647883997,0.7698819423888574,0.6309907778171593,0.6215901197686126,0.09469678769898246,0.4580315945575065,0.4270216870900615,1.0,1.0,1.0,1.0,1.0,1.0,0.27906976744186046,2022-12,0.014934766708057632,0.16095237386298109,0.015152044201296566,2.3978952727983707,0.06334642921462344,0.23492215370750677,0.00574966922777842,0.039153384255340457,0.38841259897393965,Lower Juba,0.0,0.10963807075736967
195,2022-12,Lower Shabelle,3323,1503,1463,Lower Shabelle,2022,12,0.5219815417355546,0.3552331199922983,0.29885057471264365,0.4139980717060981,0.2624695897732362,0.22400651553645537,0.41550677126736246,0.5422496915439654,0.7884428594362516,0.24435327483734975,0.1426855177681174,0.13854841602674395,0.25996144168089336,0.4389435216906026,0.48274410716244975,0.29479768786127164,0.28654970760233917,0.28654970760233917,0.2823529411764706,0.2781065088757396,0.2738095238095238,0.7558139534883721,2022-12,0.002432427835139227,1.0,0.8311127926489761,8.108623268354593,0.411312445589086,0.39649504138936875,0.7426717462482046,0.9999999999999999,0.08296218788690846,Lower Shabelle,0.21968073428723167,0.7285710835934475
