,time,Previous (Departure) Region,Banadir,level_0,index,admin1,year,month,TA,PA,DL,TA_lag1,TA_lag2,TA_lag3,TA_lag4,TA_lag5,TA_lag6,PA_lag1,PA_lag2,PA_lag3,PA_lag4,PA_lag5,PA_lag6,DL_lag1,DL_lag2,DL_lag3,DL_lag4,DL_lag5,DL_lag6,conflicts,inv_distance,log_disp,x
0,2020-01,Awdal,0,864,1428,Awdal,2020,1,0.1928211683185939,0.3657618513898316,139,0.4235243639391764,0.079284918114252,0.6288603891551939,0.5286516975860361,0.4202880486489185,0.6938633879255226,0.4831302826094016,0.4160505724678048,0.163824550560811,0.2015643526770895,0.1355581758731799,0.2145495055602838,138.0,137.0,136.0,135.0,134.0,133.0,1,0.0014060378073769858,-inf,1.5674170962270023e-07
1,2020-01,Bakool,0,865,1428,Bakool,2020,1,0.6476107394407322,1.146358566701533,17,0.3854183759890103,0.4247144956698664,0.7262822301760561,0.8991121447870731,0.6583436501455979,0.7039012815470169,1.3216027386295237,0.7789028208748817,1.2558620225086692,0.5088673277238215,0.5137269943360878,0.7147106357117776,16.0,15.0,14.0,13.0,12.0,11.0,2,0.004339161252142711,-inf,7.99666059114572e-06
3,2020-01,Bari,0,867,1428,Bari,2020,1,1.8940601460743705,0.1059776927120519,16,1.922863373929813,1.587124006932486,1.812432172246501,1.657962803357347,1.6824579655878955,2.0499351655808886,0.0397719283588131,0.2362076364799005,0.2261675852022191,0.2405121695049659,0.2277697479176822,0.0505982620253739,15.0,14.0,13.0,12.0,11.0,10.0,8,0.00124865886735538,-inf,2.4745627559497138e-06
4,2020-01,Bay,0,868,1428,Bay,2020,1,1.0957516522394135,1.2227129810919295,19,0.7667864053208924,0.8904232965535865,1.1485942317299205,1.3918451912052845,1.0746840272033853,1.0978462160439937,1.40670274409824,0.7663460015359146,1.4333757916959369,0.6556481470602794,0.6483940951156069,0.8642213802134048,18.0,17.0,16.0,15.0,14.0,13.0,12,0.0048678032659052834,-inf,2.109903291278766e-05
5,2020-01,Galgaduud,0,869,1428,Galgaduud,2020,1,0.2069027494377533,0.2345477880042063,2,0.1213393290141788,-0.1081000036699152,0.1985077013462469,0.2918909713193416,0.1613797838385779,0.4816459764027617,0.1107831436936235,0.1467965885013168,0.1471661595411663,0.1348486054746306,0.1442387700307299,0.1600157980422307,1.0,0.0,8.0,7.0,6.0,5.0,7,0.003565472503646411,-inf,-1.374231476891498e-06
6,2020-01,Gedo,0,870,1428,Gedo,2020,1,1.1191833120691883,1.627922130450815,19,0.8421812204224705,1.0371425563974104,1.287385466540961,1.4652825744066185,1.1341720853097452,1.0469543570764397,1.804372778553542,1.030005663392564,1.6268874324814022,0.5400493444439212,0.530221325134463,0.7904147269868349,18.0,17.0,16.0,15.0,14.0,13.0,3,0.002616749249414958,-inf,7.101705707128055e-06
7,2020-01,Hiraan,9,871,1428,Hiraan,2020,1,0.3867097017618971,0.3685799608196031,12,0.1605098414939922,0.0694985403120712,0.3497074423969906,0.5478042275056265,0.3775906935775322,0.5746255169091499,0.3024959276028192,0.243765937143734,0.2680976438516625,0.1592283104399535,0.1709966111065089,0.2248175055958142,11.0,10.0,9.0,8.0,7.0,6.0,11,0.006016509264782172,2.197224577336219,2.515734831114297e-06
8,2020-01,Lower Juba,0,872,1428,Lower Juba,2020,1,1.2753155107461849,1.326709231889707,139,1.1400981780592945,1.3485500612103274,1.633203912185093,1.8841429673111,1.488682801325066,1.5768442306813055,0.7314123219048595,0.6190057261484627,0.5990624787275507,0.0240984275054541,-0.0418756980121108,-0.0135804508314215,138.0,137.0,136.0,135.0,134.0,133.0,20,0.0023353638652866275,-inf,7.354890060917503e-06
9,2020-01,Lower Shabelle,299,873,1428,Lower Shabelle,2020,1,0.991222377932367,0.4360472747604675,17,0.6587868443993922,0.7391795156901699,1.008990756248986,1.314725889667552,1.0274331002584838,1.1532707124778587,0.4627965251536148,0.2943914913680741,0.510708213976921,0.2996621442376332,0.3023797276046925,0.3894119641328024,16.0,15.0,14.0,13.0,12.0,11.0,52,0.008508246593928818,5.700443573390686,5.3509397403695874e-05
10,2020-01,Middle Juba,0,874,1428,Middle Juba,2020,1,1.3081830976798208,0.8071185072767121,139,1.0846967739218951,1.2633128657704182,1.5046044224334545,1.748700100780456,1.3642592503538968,1.4130914241031665,0.8170631983999681,0.5288116150092136,0.8193473855088409,0.4027533457173234,0.3468176617459717,0.4467725123353661,138.0,137.0,136.0,135.0,134.0,133.0,7,0.0031030528715675202,-inf,1.2164360152119484e-05
11,2020-01,Middle Shabelle,75,875,1428,Middle Shabelle,2020,1,0.2723270029839358,0.1791411821595466,12,0.0392024139346331,0.0030452511904917,0.2416162842955199,0.4953652942064062,0.3500428398536309,0.5117168742982419,0.1070071270260876,0.1171268113369072,0.0742876805249436,0.0852958225854196,0.1161113475981224,0.1389541660136587,11.0,10.0,9.0,8.0,7.0,6.0,20,0.009785907225679898,4.31748811353631,2.9162537480045574e-07
12,2020-01,Mudug,0,876,1428,Mudug,2020,1,0.1662497263937417,0.1345613667310362,2,0.1476666979804699,-0.1451717353774993,0.2066738430328934,0.2330862510943745,0.1162276153929967,0.5415315667039741,0.0632129805140632,0.2036611554941206,0.226562483429295,0.2327336772430206,0.2226834906995919,0.103863217891218,1.0,0.0,8.0,7.0,6.0,5.0,6,0.002220736057353776,-inf,-7.15938894257502e-07
13,2020-01,Nugaal,0,877,1428,Nugaal,2020,1,0.3378957095723301,0.1139399752578671,2,0.3880588172182331,-0.020303674150367,0.4196197272339675,0.4255195999811877,0.269736587219334,0.8310430964343867,0.0455698636885864,0.2369268966034977,0.2620036209329585,0.2754573657847433,0.2624304914273327,0.085264552944247,1.0,0.0,8.0,7.0,6.0,5.0,4,0.0016594524274810532,-inf,-5.591189969964226e-08
14,2020-01,Sanaag,0,878,1428,Sanaag,2020,1,0.809018532258687,0.052559376182004,12,0.9634005740189236,0.4702392957452765,0.9299762489496066,0.8985460700300787,0.6814308718230938,1.101658971698842,0.0556622316736382,0.0991973368265734,0.1078463782343433,0.063488065981665,0.0656321122766688,0.070942014449155,11.0,10.0,9.0,8.0,7.0,6.0,0,0.0014701577646401877,-inf,1.016358216051963e-06
15,2020-01,Sool,0,879,1428,Sool,2020,1,0.4822723169842762,0.0800894666180937,11,0.5957839931933231,0.0923808255141215,0.5915097049743359,0.5709620607347369,0.3668973587815112,0.8348194839026595,0.0468585684891949,0.1879169981718459,0.2054640465564217,0.1952241718424453,0.1818122086174714,0.0766489090707046,10.0,9.0,8.0,7.0,6.0,5.0,1,0.0017204192404835263,-inf,2.7343268088800193e-07
16,2020-01,Togdheer,0,880,1428,Togdheer,2020,1,0.3503132316488053,0.0910377095089832,11,0.458652947231622,0.0010648688083401,0.6216002713530507,0.5810943437774222,0.3917997906558785,0.761449400971741,0.1446700153390121,0.1368900630468489,0.1184917809677164,0.0778984095321831,0.0426120360734709,0.1173646973825644,10.0,9.0,8.0,7.0,6.0,5.0,0,0.001820272428158295,-inf,3.5283274846809695e-09
17,2020-01,Woqooyi Galbeed,0,881,1428,Woqooyi Galbeed,2020,1,0.3388812050525032,0.2583844335040678,12,0.4855836430569744,0.0867549138628845,0.7098452361734526,0.6199369696643485,0.4516434489215154,0.7611966087031328,0.3743042049984927,0.3090113068742174,0.1489485210587621,0.1696327782666355,0.1035067153477154,0.1859473612286755,11.0,10.0,9.0,8.0,7.0,6.0,1,0.0016107324240856426,-inf,2.2508206203407078e-07
18,2020-02,Awdal,0,882,1429,Awdal,2020,2,0.1575753042259539,0.4089263166442337,140,0.1928211683185939,0.4235243639391764,0.079284918114252,0.6288603891551939,0.5286516975860361,0.4202880486489185,0.3657618513898316,0.4831302826094016,0.4160505724678048,0.163824550560811,0.2015643526770895,0.1355581758731799,139.0,138.0,137.0,136.0,135.0,134.0,0,0.0014060378073769858,-inf,8.372832368324063e-07
19,2020-02,Bakool,0,883,1429,Bakool,2020,2,0.5981257390747327,0.5849067547677866,18,0.6476107394407322,0.3854183759890103,0.4247144956698664,0.7262822301760561,0.8991121447870731,0.6583436501455979,1.146358566701533,1.3216027386295237,0.7789028208748817,1.2558620225086692,0.5088673277238215,0.5137269943360878,17.0,16.0,15.0,14.0,13.0,12.0,2,0.004339161252142711,-inf,7.256780660414307e-06
21,2020-02,Bari,0,885,1429,Bari,2020,2,1.3720421225590158,0.19931836669239,17,1.8940601460743705,1.922863373929813,1.587124006932486,1.812432172246501,1.657962803357347,1.6824579655878955,0.1059776927120519,0.0397719283588131,0.2362076364799005,0.2261675852022191,0.2405121695049659,0.2277697479176822,16.0,15.0,14.0,13.0,12.0,11.0,13,0.00124865886735538,-inf,2.998030443193298e-06
22,2020-02,Bay,23,886,1429,Bay,2020,2,0.9914644808183518,0.7547038262947035,20,1.0957516522394135,0.7667864053208924,0.8904232965535865,1.1485942317299205,1.3918451912052845,1.0746840272033853,1.2227129810919295,1.40670274409824,0.7663460015359146,1.4333757916959369,0.6556481470602794,0.6483940951156069,19.0,18.0,17.0,16.0,15.0,14.0,9,0.0048678032659052834,3.1354942159291497,1.8169393888909792e-05
23,2020-02,Galgaduud,0,887,1429,Galgaduud,2020,2,0.2431583536550208,0.2076155167797595,3,0.2069027494377533,0.1213393290141788,-0.1081000036699152,0.1985077013462469,0.2918909713193416,0.1613797838385779,0.2345477880042063,0.1107831436936235,0.1467965885013168,0.1471661595411663,0.1348486054746306,0.1442387700307299,2.0,1.0,0.0,8.0,7.0,6.0,5,0.003565472503646411,-inf,1.542537647134098e-06
24,2020-02,Gedo,0,888,1429,Gedo,2020,2,0.9855295666796748,0.915188224117944,20,1.1191833120691883,0.8421812204224705,1.0371425563974104,1.287385466540961,1.4652825744066185,1.1341720853097452,1.627922130450815,1.804372778553542,1.030005663392564,1.6268874324814022,0.5400493444439212,0.530221325134463,19.0,18.0,17.0,16.0,15.0,14.0,11,0.002616749249414958,-inf,5.766732010578659e-06
25,2020-02,Hiraan,17,889,1429,Hiraan,2020,2,0.4064624184293792,0.2580985978051617,13,0.3867097017618971,0.1605098414939922,0.0694985403120712,0.3497074423969906,0.5478042275056265,0.3775906935775322,0.3685799608196031,0.3024959276028192,0.243765937143734,0.2680976438516625,0.1592283104399535,0.1709966111065089,12.0,11.0,10.0,9.0,8.0,7.0,18,0.006016509264782172,2.833213344056216,5.8101968353561955e-06
26,2020-02,Lower Juba,0,890,1429,Lower Juba,2020,2,1.1036526085932117,1.1133270426940525,140,1.2753155107461849,1.1400981780592945,1.3485500612103274,1.633203912185093,1.8841429673111,1.488682801325066,1.326709231889707,0.7314123219048595,0.6190057261484627,0.5990624787275507,0.0240984275054541,-0.0418756980121108,139.0,138.0,137.0,136.0,135.0,134.0,20,0.0023353638652866275,-inf,6.218009252658097e-06
27,2020-02,Lower Shabelle,0,891,1429,Lower Shabelle,2020,2,0.9109204970328044,0.3360359196500412,18,0.991222377932367,0.6587868443993922,0.7391795156901699,1.008990756248986,1.314725889667552,1.0274331002584838,0.4360472747604675,0.4627965251536148,0.2943914913680741,0.510708213976921,0.2996621442376332,0.3023797276046925,17.0,16.0,15.0,14.0,13.0,12.0,41,0.008508246593928818,-inf,4.7689751018573343e-05
28,2020-02,Middle Juba,0,892,1429,Middle Juba,2020,2,1.150025828580769,0.609358725725575,140,1.3081830976798208,1.0846967739218951,1.2633128657704182,1.5046044224334545,1.748700100780456,1.3642592503538968,0.8071185072767121,0.8170631983999681,0.5288116150092136,0.8193473855088409,0.4027533457173234,0.3468176617459717,139.0,138.0,137.0,136.0,135.0,134.0,12,0.0031030528715675202,-inf,1.0444477034421273e-05
29,2020-02,Middle Shabelle,0,893,1429,Middle Shabelle,2020,2,0.3072158360700135,0.1777708987015868,13,0.2723270029839358,0.0392024139346331,0.0030452511904917,0.2416162842955199,0.4953652942064062,0.3500428398536309,0.1791411821595466,0.1070071270260876,0.1171268113369072,0.0742876805249436,0.0852958225854196,0.1161113475981224,12.0,11.0,10.0,9.0,8.0,7.0,27,0.009785907225679898,-inf,3.75417919298935e-06
30,2020-02,Mudug,11,894,1429,Mudug,2020,2,0.196851894583196,0.1842036176883258,3,0.1662497263937417,0.1476666979804699,-0.1451717353774993,0.2066738430328934,0.2330862510943745,0.1162276153929967,0.1345613667310362,0.0632129805140632,0.2036611554941206,0.226562483429295,0.2327336772430206,0.2226834906995919,2.0,1.0,0.0,8.0,7.0,6.0,3,0.002220736057353776,2.3978952727983707,7.282432230756408e-07
31,2020-02,Nugaal,0,895,1429,Nugaal,2020,2,0.3364122500469239,0.2094031618567795,3,0.3378957095723301,0.3880588172182331,-0.020303674150367,0.4196197272339675,0.4255195999811877,0.269736587219334,0.1139399752578671,0.0455698636885864,0.2369268966034977,0.2620036209329585,0.2754573657847433,0.2624304914273327,2.0,1.0,0.0,8.0,7.0,6.0,4,0.0016594524274810532,-inf,1.068629525138211e-06
32,2020-02,Sanaag,0,896,1429,Sanaag,2020,2,0.7187136933036445,0.0585135955062028,13,0.809018532258687,0.9634005740189236,0.4702392957452765,0.9299762489496066,0.8985460700300787,0.6814308718230938,0.052559376182004,0.0556622316736382,0.0991973368265734,0.1078463782343433,0.063488065981665,0.0656321122766688,12.0,11.0,10.0,9.0,8.0,7.0,3,0.0014701577646401877,-inf,2.082259176578281e-06
33,2020-02,Sool,0,897,1429,Sool,2020,2,0.4621082058196579,0.1348152190404009,12,0.4822723169842762,0.5957839931933231,0.0923808255141215,0.5915097049743359,0.5709620607347369,0.3668973587815112,0.0800894666180937,0.0468585684891949,0.1879169981718459,0.2054640465564217,0.1952241718424453,0.1818122086174714,11.0,10.0,9.0,8.0,7.0,6.0,1,0.0017204192404835263,-inf,1.76342670226634e-06
34,2020-02,Togdheer,0,898,1429,Togdheer,2020,2,0.3037179643856543,0.0940161056177091,12,0.3503132316488053,0.458652947231622,0.0010648688083401,0.6216002713530507,0.5810943437774222,0.3917997906558785,0.0910377095089832,0.1446700153390121,0.1368900630468489,0.1184917809677164,0.0778984095321831,0.0426120360734709,11.0,10.0,9.0,8.0,7.0,6.0,0,0.001820272428158295,-inf,1.5196968743687845e-06
35,2020-02,Woqooyi Galbeed,0,899,1429,Woqooyi Galbeed,2020,2,0.2507172855171168,0.2895833306962175,13,0.3388812050525032,0.4855836430569744,0.0867549138628845,0.7098452361734526,0.6199369696643485,0.4516434489215154,0.2583844335040678,0.3743042049984927,0.3090113068742174,0.1489485210587621,0.1696327782666355,0.1035067153477154,12.0,11.0,10.0,9.0,8.0,7.0,2,0.0016107324240856426,-inf,1.259826824818497e-06
36,2020-03,Awdal,0,900,1430,Awdal,2020,3,0.2590472979803884,0.0699160744011088,141,0.1575753042259539,0.1928211683185939,0.4235243639391764,0.079284918114252,0.6288603891551939,0.5286516975860361,0.4089263166442337,0.3657618513898316,0.4831302826094016,0.4160505724678048,0.163824550560811,0.2015643526770895,140.0,139.0,138.0,137.0,136.0,135.0,0,0.0014060378073769858,-inf,3.8119632702590927e-07
37,2020-03,Bakool,0,901,1430,Bakool,2020,3,0.7823108373308625,0.2598255308795166,19,0.5981257390747327,0.6476107394407322,0.3854183759890103,0.4247144956698664,0.7262822301760561,0.8991121447870731,0.5849067547677866,1.146358566701533,1.3216027386295237,0.7789028208748817,1.2558620225086692,0.5088673277238215,18.0,17.0,16.0,15.0,14.0,13.0,2,0.004339161252142711,-inf,1.2193422478600543e-05
39,2020-03,Bari,0,903,1430,Bari,2020,3,1.1769781747356896,0.2093499347707191,18,1.3720421225590158,1.8940601460743705,1.922863373929813,1.587124006932486,1.812432172246501,1.657962803357347,0.19931836669239,0.1059776927120519,0.0397719283588131,0.2362076364799005,0.2261675852022191,0.2405121695049659,17.0,16.0,15.0,14.0,13.0,12.0,12,0.00124865886735538,-inf,2.9531219202354926e-06
40,2020-03,Bay,0,904,1430,Bay,2020,3,1.2069646366504392,0.4093012652213402,21,0.9914644808183518,1.0957516522394135,0.7667864053208924,0.8904232965535865,1.1485942317299205,1.3918451912052845,0.7547038262947035,1.2227129810919295,1.40670274409824,0.7663460015359146,1.4333757916959369,0.6556481470602794,20.0,19.0,18.0,17.0,16.0,15.0,27,0.0048678032659052834,-inf,2.5964392738066126e-05
41,2020-03,Galgaduud,20,905,1430,Galgaduud,2020,3,0.3008867291198523,0.1787644719596218,4,0.2431583536550208,0.2069027494377533,0.1213393290141788,-0.1081000036699152,0.1985077013462469,0.2918909713193416,0.2076155167797595,0.2345477880042063,0.1107831436936235,0.1467965885013168,0.1471661595411663,0.1348486054746306,3.0,2.0,1.0,0.0,8.0,7.0,2,0.003565472503646411,2.995732273553991,2.630270687140471e-06
42,2020-03,Gedo,0,906,1430,Gedo,2020,3,1.1248477526573024,0.5036166029485334,21,0.9855295666796748,1.1191833120691883,0.8421812204224705,1.0371425563974104,1.287385466540961,1.4652825744066185,0.915188224117944,1.627922130450815,1.804372778553542,1.030005663392564,1.6268874324814022,0.5400493444439212,20.0,19.0,18.0,17.0,16.0,15.0,8,0.002616749249414958,-inf,7.66346966057643e-06
43,2020-03,Hiraan,0,907,1430,Hiraan,2020,3,0.6028805149717118,0.1665632380660331,14,0.4064624184293792,0.3867097017618971,0.1605098414939922,0.0694985403120712,0.3497074423969906,0.5478042275056265,0.2580985978051617,0.3685799608196031,0.3024959276028192,0.243765937143734,0.2680976438516625,0.1592283104399535,13.0,12.0,11.0,10.0,9.0,8.0,9,0.006016509264782172,-inf,1.3998266177732234e-05
44,2020-03,Lower Juba,0,908,1430,Lower Juba,2020,3,1.2151586751301338,0.9394422557821864,141,1.1036526085932117,1.2753155107461849,1.1400981780592945,1.3485500612103274,1.633203912185093,1.8841429673111,1.1133270426940525,1.326709231889707,0.7314123219048595,0.6190057261484627,0.5990624787275507,0.0240984275054541,140.0,139.0,138.0,137.0,136.0,135.0,24,0.0023353638652866275,-inf,6.955474360442091e-06
45,2020-03,Lower Shabelle,151,909,1430,Lower Shabelle,2020,3,1.1951183678890795,0.201488211122693,19,0.9109204970328044,0.991222377932367,0.6587868443993922,0.7391795156901699,1.008990756248986,1.314725889667552,0.3360359196500412,0.4360472747604675,0.4627965251536148,0.2943914913680741,0.510708213976921,0.2996621442376332,18.0,17.0,16.0,15.0,14.0,13.0,58,0.008508246593928818,5.017279836814924,7.175484575853866e-05
46,2020-03,Middle Juba,0,910,1430,Middle Juba,2020,3,1.2978791304405757,0.433866935818887,141,1.150025828580769,1.3081830976798208,1.0846967739218951,1.2633128657704182,1.5046044224334545,1.748700100780456,0.609358725725575,0.8071185072767121,0.8170631983999681,0.5288116150092136,0.8193473855088409,0.4027533457173234,140.0,139.0,138.0,137.0,136.0,135.0,7,0.0031030528715675202,-inf,1.2596412793902907e-05
47,2020-03,Middle Shabelle,0,911,1430,Middle Shabelle,2020,3,0.5744837060692436,0.1275279286925687,14,0.3072158360700135,0.2723270029839358,0.0392024139346331,0.0030452511904917,0.2416162842955199,0.4953652942064062,0.1777708987015868,0.1791411821595466,0.1070071270260876,0.1171268113369072,0.0742876805249436,0.0852958225854196,13.0,12.0,11.0,10.0,9.0,8.0,19,0.009785907225679898,-inf,2.6079117729743674e-05
48,2020-03,Mudug,0,912,1430,Mudug,2020,3,0.1912111320622943,0.1851848641184435,4,0.196851894583196,0.1662497263937417,0.1476666979804699,-0.1451717353774993,0.2066738430328934,0.2330862510943745,0.1842036176883258,0.1345613667310362,0.0632129805140632,0.2036611554941206,0.226562483429295,0.2327336772430206,3.0,2.0,1.0,0.0,8.0,7.0,6,0.002220736057353776,-inf,8.19888561471283e-07
49,2020-03,Nugaal,0,913,1430,Nugaal,2020,3,0.2778375357853881,0.2185670737517008,4,0.3364122500469239,0.3378957095723301,0.3880588172182331,-0.020303674150367,0.4196197272339675,0.4255195999811877,0.2094031618567795,0.1139399752578671,0.0455698636885864,0.2369268966034977,0.2620036209329585,0.2754573657847433,3.0,2.0,1.0,0.0,8.0,7.0,4,0.0016594524274810532,-inf,9.304912442266556e-07
50,2020-03,Sanaag,0,914,1430,Sanaag,2020,3,0.5433562498785451,0.0682805278398302,14,0.7187136933036445,0.809018532258687,0.9634005740189236,0.4702392957452765,0.9299762489496066,0.8985460700300787,0.0585135955062028,0.052559376182004,0.0556622316736382,0.0991973368265734,0.1078463782343433,0.063488065981665,13.0,12.0,11.0,10.0,9.0,8.0,3,0.0014701577646401877,-inf,1.7485834119758926e-06
51,2020-03,Sool,0,915,1430,Sool,2020,3,0.3412358316841812,0.1441526834600773,13,0.4621082058196579,0.4822723169842762,0.5957839931933231,0.0923808255141215,0.5915097049743359,0.5709620607347369,0.1348152190404009,0.0800894666180937,0.0468585684891949,0.1879169981718459,0.2054640465564217,0.1952241718424453,12.0,11.0,10.0,9.0,8.0,7.0,2,0.0017204192404835263,-inf,1.4274500343247225e-06
52,2020-03,Togdheer,0,916,1430,Togdheer,2020,3,0.3032589006851793,0.0420313633796548,13,0.3037179643856543,0.3503132316488053,0.458652947231622,0.0010648688083401,0.6216002713530507,0.5810943437774222,0.0940161056177091,0.0910377095089832,0.1446700153390121,0.1368900630468489,0.1184917809677164,0.0778984095321831,12.0,11.0,10.0,9.0,8.0,7.0,2,0.001820272428158295,-inf,1.1607249585989644e-06
53,2020-03,Woqooyi Galbeed,0,917,1430,Woqooyi Galbeed,2020,3,0.3108062933598112,0.0477819289862703,14,0.2507172855171168,0.3388812050525032,0.4855836430569744,0.0867549138628845,0.7098452361734526,0.6199369696643485,0.2895833306962175,0.2583844335040678,0.3743042049984927,0.3090113068742174,0.1489485210587621,0.1696327782666355,13.0,12.0,11.0,10.0,9.0,8.0,2,0.0016107324240856426,-inf,8.792133727244771e-07
54,2020-04,Awdal,0,918,1431,Awdal,2020,4,-0.0863536749474969,0.1404414978040904,0,0.2590472979803884,0.1575753042259539,0.1928211683185939,0.4235243639391764,0.079284918114252,0.6288603891551939,0.0699160744011088,0.4089263166442337,0.3657618513898316,0.4831302826094016,0.4160505724678048,0.163824550560811,141.0,140.0,139.0,138.0,137.0,136.0,2,0.0014060378073769858,-inf,3.115172868451682e-07
55,2020-04,Bakool,0,919,1431,Bakool,2020,4,0.4637230483444926,-0.0818907454994354,20,0.7823108373308625,0.5981257390747327,0.6476107394407322,0.3854183759890103,0.4247144956698664,0.7262822301760561,0.2598255308795166,0.5849067547677866,1.146358566701533,1.3216027386295237,0.7789028208748817,1.2558620225086692,19.0,18.0,17.0,16.0,15.0,14.0,4,0.004339161252142711,-inf,1.1261703038096182e-05
57,2020-04,Bari,0,921,1431,Bari,2020,4,0.8083641021758188,0.2286141569994982,19,1.1769781747356896,1.3720421225590158,1.8940601460743705,1.922863373929813,1.587124006932486,1.812432172246501,0.2093499347707191,0.19931836669239,0.1059776927120519,0.0397719283588131,0.2362076364799005,0.2261675852022191,18.0,17.0,16.0,15.0,14.0,13.0,7,0.00124865886735538,-inf,2.13921805810298e-06
58,2020-04,Bay,0,922,1431,Bay,2020,4,0.8382062684048343,-0.0152281922431872,22,1.2069646366504392,0.9914644808183518,1.0957516522394135,0.7667864053208924,0.8904232965535865,1.1485942317299205,0.4093012652213402,0.7547038262947035,1.2227129810919295,1.40670274409824,0.7663460015359146,1.4333757916959369,21.0,20.0,19.0,18.0,17.0,16.0,21,0.0048678032659052834,-inf,2.3493255167080428e-05
59,2020-04,Galgaduud,6,923,1431,Galgaduud,2020,4,-0.0267370938406489,0.2305549447788159,0,0.3008867291198523,0.2431583536550208,0.2069027494377533,0.1213393290141788,-0.1081000036699152,0.1985077013462469,0.1787644719596218,0.2076155167797595,0.2345477880042063,0.1107831436936235,0.1467965885013168,0.1471661595411663,4.0,3.0,2.0,1.0,0.0,8.0,6,0.003565472503646411,1.791759469228055,3.0911734700971316e-06
60,2020-04,Gedo,0,924,1431,Gedo,2020,4,0.7874769702034209,-0.0114068804753864,22,1.1248477526573024,0.9855295666796748,1.1191833120691883,0.8421812204224705,1.0371425563974104,1.287385466540961,0.5036166029485334,0.915188224117944,1.627922130450815,1.804372778553542,1.030005663392564,1.6268874324814022,21.0,20.0,19.0,18.0,17.0,16.0,6,0.002616749249414958,-inf,6.748292127307757e-06
61,2020-04,Hiraan,0,925,1431,Hiraan,2020,4,0.298554074568608,0.1616541420962532,15,0.6028805149717118,0.4064624184293792,0.3867097017618971,0.1605098414939922,0.0694985403120712,0.3497074423969906,0.1665632380660331,0.2580985978051617,0.3685799608196031,0.3024959276028192,0.243765937143734,0.2680976438516625,14.0,13.0,12.0,11.0,10.0,9.0,9,0.006016509264782172,-inf,1.4713282595435116e-05
62,2020-04,Lower Juba,0,926,1431,Lower Juba,2020,4,0.8700896444265447,0.8567822486093688,142,1.2151586751301338,1.1036526085932117,1.2753155107461849,1.1400981780592945,1.3485500612103274,1.633203912185093,0.9394422557821864,1.1133270426940525,1.326709231889707,0.7314123219048595,0.6190057261484627,0.5990624787275507,141.0,140.0,139.0,138.0,137.0,136.0,22,0.0023353638652866275,-inf,6.019237872684266e-06
63,2020-04,Lower Shabelle,72,927,1431,Lower Shabelle,2020,4,0.8339844726295664,0.1201154138652622,20,1.1951183678890795,0.9109204970328044,0.991222377932367,0.6587868443993922,0.7391795156901699,1.008990756248986,0.201488211122693,0.3360359196500412,0.4360472747604675,0.4627965251536148,0.2943914913680741,0.510708213976921,19.0,18.0,17.0,16.0,15.0,14.0,51,0.008508246593928818,4.276666119016055,6.594177171345106e-05
64,2020-04,Middle Juba,0,928,1431,Middle Juba,2020,4,0.9283045422944682,0.2454425491993794,142,1.2978791304405757,1.150025828580769,1.3081830976798208,1.0846967739218951,1.2633128657704182,1.5046044224334545,0.433866935818887,0.609358725725575,0.8071185072767121,0.8170631983999681,0.5288116150092136,0.8193473855088409,141.0,140.0,139.0,138.0,137.0,136.0,5,0.0031030528715675202,-inf,1.1073526394085168e-05
65,2020-04,Middle Shabelle,0,929,1431,Middle Shabelle,2020,4,0.3475239749259176,0.1604904314189245,15,0.5744837060692436,0.3072158360700135,0.2723270029839358,0.0392024139346331,0.0030452511904917,0.2416162842955199,0.1275279286925687,0.1777708987015868,0.1791411821595466,0.1070071270260876,0.1171268113369072,0.0742876805249436,14.0,13.0,12.0,11.0,10.0,9.0,18,0.009785907225679898,-inf,2.9420211251633123e-05
66,2020-04,Mudug,0,930,1431,Mudug,2020,4,-0.1586285044702363,0.206812766290127,0,0.1912111320622943,0.196851894583196,0.1662497263937417,0.1476666979804699,-0.1451717353774993,0.2066738430328934,0.1851848641184435,0.1842036176883258,0.1345613667310362,0.0632129805140632,0.2036611554941206,0.226562483429295,4.0,3.0,2.0,1.0,0.0,8.0,3,0.002220736057353776,-inf,9.708083145380071e-07
67,2020-04,Nugaal,0,931,1431,Nugaal,2020,4,-0.1894030675026146,0.2327581681835263,0,0.2778375357853881,0.3364122500469239,0.3378957095723301,0.3880588172182331,-0.020303674150367,0.4196197272339675,0.2185670737517008,0.2094031618567795,0.1139399752578671,0.0455698636885864,0.2369268966034977,0.2620036209329585,4.0,3.0,2.0,1.0,0.0,8.0,2,0.0016594524274810532,-inf,9.264061195551934e-07
68,2020-04,Sanaag,0,932,1431,Sanaag,2020,4,-0.0182659860979655,0.1171255351652517,0,0.5433562498785451,0.7187136933036445,0.809018532258687,0.9634005740189236,0.4702392957452765,0.9299762489496066,0.0682805278398302,0.0585135955062028,0.052559376182004,0.0556622316736382,0.0991973368265734,0.1078463782343433,14.0,13.0,12.0,11.0,10.0,9.0,5,0.0014701577646401877,-inf,1.5534017973136333e-06
69,2020-04,Sool,0,933,1431,Sool,2020,4,-0.2067231564544865,0.1800478135959616,0,0.3412358316841812,0.4621082058196579,0.4822723169842762,0.5957839931933231,0.0923808255141215,0.5915097049743359,0.1441526834600773,0.1348152190404009,0.0800894666180937,0.0468585684891949,0.1879169981718459,0.2054640465564217,13.0,12.0,11.0,10.0,9.0,8.0,0,0.0017204192404835263,-inf,1.3677674438869214e-06
70,2020-04,Togdheer,0,934,1431,Togdheer,2020,4,-0.167800011941951,0.121328057914301,0,0.3032589006851793,0.3037179643856543,0.3503132316488053,0.458652947231622,0.0010648688083401,0.6216002713530507,0.0420313633796548,0.0940161056177091,0.0910377095089832,0.1446700153390121,0.1368900630468489,0.1184917809677164,13.0,12.0,11.0,10.0,9.0,8.0,0,0.001820272428158295,-inf,1.0063365861975786e-06
71,2020-04,Woqooyi Galbeed,0,935,1431,Woqooyi Galbeed,2020,4,-0.0972473313249439,0.1216976834051273,0,0.3108062933598112,0.2507172855171168,0.3388812050525032,0.4855836430569744,0.0867549138628845,0.7098452361734526,0.0477819289862703,0.2895833306962175,0.2583844335040678,0.3743042049984927,0.3090113068742174,0.1489485210587621,14.0,13.0,12.0,11.0,10.0,9.0,0,0.0016107324240856426,-inf,6.50475703324054e-07
72,2020-05,Awdal,0,936,1432,Awdal,2020,5,0.0430864595556675,0.1066061413139926,1,-0.0863536749474969,0.2590472979803884,0.1575753042259539,0.1928211683185939,0.4235243639391764,0.079284918114252,0.1404414978040904,0.0699160744011088,0.4089263166442337,0.3657618513898316,0.4831302826094016,0.4160505724678048,0.0,141.0,140.0,139.0,138.0,137.0,0,0.0014060378073769858,-inf,5.121215651642122e-07
73,2020-05,Bakool,0,937,1432,Bakool,2020,5,0.1256166972187069,0.1080299201003034,21,0.4637230483444926,0.7823108373308625,0.5981257390747327,0.6476107394407322,0.3854183759890103,0.4247144956698664,-0.0818907454994354,0.2598255308795166,0.5849067547677866,1.146358566701533,1.3216027386295237,0.7789028208748817,20.0,19.0,18.0,17.0,16.0,15.0,2,0.004339161252142711,-inf,1.4729599075828703e-05
75,2020-05,Bari,0,939,1432,Bari,2020,5,0.6862955027206096,0.1496659710589757,20,0.8083641021758188,1.1769781747356896,1.3720421225590158,1.8940601460743705,1.922863373929813,1.587124006932486,0.2286141569994982,0.2093499347707191,0.19931836669239,0.1059776927120519,0.0397719283588131,0.2362076364799005,19.0,18.0,17.0,16.0,15.0,14.0,6,0.00124865886735538,-inf,1.8350843053503796e-06
76,2020-05,Bay,0,940,1432,Bay,2020,5,0.4217591011832453,0.1705976075176359,23,0.8382062684048343,1.2069646366504392,0.9914644808183518,1.0957516522394135,0.7667864053208924,0.8904232965535865,-0.0152281922431872,0.4093012652213402,0.7547038262947035,1.2227129810919295,1.40670274409824,0.7663460015359146,22.0,21.0,20.0,19.0,18.0,17.0,26,0.0048678032659052834,-inf,2.8599640970563777e-05
77,2020-05,Galgaduud,12,941,1432,Galgaduud,2020,5,-0.1439684303556203,0.1161804650243324,0,-0.0267370938406489,0.3008867291198523,0.2431583536550208,0.2069027494377533,0.1213393290141788,-0.1081000036699152,0.2305549447788159,0.1787644719596218,0.2076155167797595,0.2345477880042063,0.1107831436936235,0.1467965885013168,0.0,4.0,3.0,2.0,1.0,0.0,10,0.003565472503646411,2.4849066497880004,3.825050879720762e-06
78,2020-05,Gedo,0,942,1432,Gedo,2020,5,0.4424544657545545,0.1538960301198602,23,0.7874769702034209,1.1248477526573024,0.9855295666796748,1.1191833120691883,0.8421812204224705,1.0371425563974104,-0.0114068804753864,0.5036166029485334,0.915188224117944,1.627922130450815,1.804372778553542,1.030005663392564,22.0,21.0,20.0,19.0,18.0,17.0,11,0.002616749249414958,-inf,7.70225621870594e-06
79,2020-05,Hiraan,0,943,1432,Hiraan,2020,5,0.0208817452593342,0.1089296306275935,16,0.298554074568608,0.6028805149717118,0.4064624184293792,0.3867097017618971,0.1605098414939922,0.0694985403120712,0.1616541420962532,0.1665632380660331,0.2580985978051617,0.3685799608196031,0.3024959276028192,0.243765937143734,15.0,14.0,13.0,12.0,11.0,10.0,12,0.006016509264782172,-inf,2.1823300226221102e-05
80,2020-05,Lower Juba,0,944,1432,Lower Juba,2020,5,0.6311091519516575,0.0108171083730369,143,0.8700896444265447,1.2151586751301338,1.1036526085932117,1.2753155107461849,1.1400981780592945,1.3485500612103274,0.8567822486093688,0.9394422557821864,1.1133270426940525,1.326709231889707,0.7314123219048595,0.6190057261484627,142.0,141.0,140.0,139.0,138.0,137.0,16,0.0023353638652866275,-inf,6.6273835278543525e-06
81,2020-05,Lower Shabelle,14,945,1432,Lower Shabelle,2020,5,0.4098700579028002,0.1522336980148802,21,0.8339844726295664,1.1951183678890795,0.9109204970328044,0.991222377932367,0.6587868443993922,0.7391795156901699,0.1201154138652622,0.201488211122693,0.3360359196500412,0.4360472747604675,0.4627965251536148,0.2943914913680741,20.0,19.0,18.0,17.0,16.0,15.0,64,0.008508246593928818,2.6390573296152584,8.651492950548441e-05
82,2020-05,Middle Juba,0,946,1432,Middle Juba,2020,5,0.6027048691361032,0.1700823531307599,143,0.9283045422944682,1.2978791304405757,1.150025828580769,1.3081830976798208,1.0846967739218951,1.2633128657704182,0.2454425491993794,0.433866935818887,0.609358725725575,0.8071185072767121,0.8170631983999681,0.5288116150092136,142.0,141.0,140.0,139.0,138.0,137.0,7,0.0031030528715675202,-inf,1.2497196541231104e-05
83,2020-05,Middle Shabelle,0,947,1432,Middle Shabelle,2020,5,0.054107249256939,0.1191719012981683,16,0.3475239749259176,0.5744837060692436,0.3072158360700135,0.2723270029839358,0.0392024139346331,0.0030452511904917,0.1604904314189245,0.1275279286925687,0.1777708987015868,0.1791411821595466,0.1070071270260876,0.1171268113369072,15.0,14.0,13.0,12.0,11.0,10.0,18,0.009785907225679898,-inf,5.501484627025045e-05
84,2020-05,Mudug,0,948,1432,Mudug,2020,5,-0.1872679043976454,0.1254141935297253,0,-0.1586285044702363,0.1912111320622943,0.196851894583196,0.1662497263937417,0.1476666979804699,-0.1451717353774993,0.206812766290127,0.1851848641184435,0.1842036176883258,0.1345613667310362,0.0632129805140632,0.2036611554941206,0.0,4.0,3.0,2.0,1.0,0.0,13,0.002220736057353776,-inf,9.429899429281197e-07
85,2020-05,Nugaal,0,949,1432,Nugaal,2020,5,-0.1533177919110476,0.1513611822568351,0,-0.1894030675026146,0.2778375357853881,0.3364122500469239,0.3378957095723301,0.3880588172182331,-0.020303674150367,0.2327581681835263,0.2185670737517008,0.2094031618567795,0.1139399752578671,0.0455698636885864,0.2369268966034977,0.0,4.0,3.0,2.0,1.0,0.0,3,0.0016594524274810532,-inf,7.651041047340485e-07
86,2020-05,Sanaag,0,950,1432,Sanaag,2020,5,0.0257678092820105,0.1223724369518897,1,-0.0182659860979655,0.5433562498785451,0.7187136933036445,0.809018532258687,0.9634005740189236,0.4702392957452765,0.1171255351652517,0.0682805278398302,0.0585135955062028,0.052559376182004,0.0556622316736382,0.0991973368265734,0.0,14.0,13.0,12.0,11.0,10.0,0,0.0014701577646401877,-inf,1.1743905577520845e-06
87,2020-05,Sool,0,951,1432,Sool,2020,5,-0.1496864301456291,0.1334049522420888,0,-0.2067231564544865,0.3412358316841812,0.4621082058196579,0.4822723169842762,0.5957839931933231,0.0923808255141215,0.1800478135959616,0.1441526834600773,0.1348152190404009,0.0800894666180937,0.0468585684891949,0.1879169981718459,0.0,13.0,12.0,11.0,10.0,9.0,1,0.0017204192404835263,-inf,1.0100042704012197e-06
88,2020-05,Togdheer,0,952,1432,Togdheer,2020,5,-0.1196457675515779,0.1212226977615345,0,-0.167800011941951,0.3032589006851793,0.3037179643856543,0.3503132316488053,0.458652947231622,0.0010648688083401,0.121328057914301,0.0420313633796548,0.0940161056177091,0.0910377095089832,0.1446700153390121,0.1368900630468489,0.0,13.0,12.0,11.0,10.0,9.0,1,0.001820272428158295,-inf,1.0048155283368172e-06
89,2020-05,Woqooyi Galbeed,0,953,1432,Woqooyi Galbeed,2020,5,-0.025386681399515,0.1087276181821395,0,-0.0972473313249439,0.3108062933598112,0.2507172855171168,0.3388812050525032,0.4855836430569744,0.0867549138628845,0.1216976834051273,0.0477819289862703,0.2895833306962175,0.2583844335040678,0.3743042049984927,0.3090113068742174,0.0,14.0,13.0,12.0,11.0,10.0,4,0.0016107324240856426,-inf,8.063741670374893e-07
90,2020-06,Awdal,0,954,1433,Awdal,2020,6,-0.0129390731878908,0.101181478175869,0,0.0430864595556675,-0.0863536749474969,0.2590472979803884,0.1575753042259539,0.1928211683185939,0.4235243639391764,0.1066061413139926,0.1404414978040904,0.0699160744011088,0.4089263166442337,0.3657618513898316,0.4831302826094016,1.0,0.0,141.0,140.0,139.0,138.0,0,0.0014060378073769858,-inf,-1.70716234126255e-07
91,2020-06,Bakool,0,955,1433,Bakool,2020,6,0.4266000495719045,-0.0775129627507978,22,0.1256166972187069,0.4637230483444926,0.7823108373308625,0.5981257390747327,0.6476107394407322,0.3854183759890103,0.1080299201003034,-0.0818907454994354,0.2598255308795166,0.5849067547677866,1.146358566701533,1.3216027386295237,21.0,20.0,19.0,18.0,17.0,16.0,4,0.004339161252142711,-inf,8.731126118155392e-06
93,2020-06,Bari,0,957,1433,Bari,2020,6,0.8542227210102765,0.0706698813813843,21,0.6862955027206096,0.8083641021758188,1.1769781747356896,1.3720421225590158,1.8940601460743705,1.922863373929813,0.1496659710589757,0.2286141569994982,0.2093499347707191,0.19931836669239,0.1059776927120519,0.0397719283588131,20.0,19.0,18.0,17.0,16.0,15.0,5,0.00124865886735538,-inf,1.2603600548876975e-06
94,2020-06,Bay,0,958,1433,Bay,2020,6,0.84795389598592,-0.1392594483231461,24,0.4217591011832453,0.8382062684048343,1.2069646366504392,0.9914644808183518,1.0957516522394135,0.7667864053208924,0.1705976075176359,-0.0152281922431872,0.4093012652213402,0.7547038262947035,1.2227129810919295,1.40670274409824,23.0,22.0,21.0,20.0,19.0,18.0,14,0.0048678032659052834,-inf,1.9861723871365716e-05
95,2020-06,Galgaduud,0,959,1433,Galgaduud,2020,6,-0.0925600925200876,0.1307951821822435,0,-0.1439684303556203,-0.0267370938406489,0.3008867291198523,0.2431583536550208,0.2069027494377533,0.1213393290141788,0.1161804650243324,0.2305549447788159,0.1787644719596218,0.2076155167797595,0.2345477880042063,0.1107831436936235,0.0,0.0,4.0,3.0,2.0,1.0,10,0.003565472503646411,-inf,-3.398978233952389e-07
96,2020-06,Gedo,0,960,1433,Gedo,2020,6,0.8877314286444682,-0.2360989972817439,24,0.4424544657545545,0.7874769702034209,1.1248477526573024,0.9855295666796748,1.1191833120691883,0.8421812204224705,0.1538960301198602,-0.0114068804753864,0.5036166029485334,0.915188224117944,1.627922130450815,1.804372778553542,23.0,22.0,21.0,20.0,19.0,18.0,10,0.002616749249414958,-inf,5.392151405831086e-06
97,2020-06,Hiraan,0,961,1433,Hiraan,2020,6,0.2120930698233256,0.1105416602303258,17,0.0208817452593342,0.298554074568608,0.6028805149717118,0.4064624184293792,0.3867097017618971,0.1605098414939922,0.1089296306275935,0.1616541420962532,0.1665632380660331,0.2580985978051617,0.3685799608196031,0.3024959276028192,16.0,15.0,14.0,13.0,12.0,11.0,31,0.006016509264782172,-inf,1.0807174956347778e-05
98,2020-06,Lower Juba,0,962,1433,Lower Juba,2020,6,1.109739842462576,-0.3583067734010375,144,0.6311091519516575,0.8700896444265447,1.2151586751301338,1.1036526085932117,1.2753155107461849,1.1400981780592945,0.0108171083730369,0.8567822486093688,0.9394422557821864,1.1133270426940525,1.326709231889707,0.7314123219048595,143.0,142.0,141.0,140.0,139.0,138.0,21,0.0023353638652866275,-inf,4.745403127383011e-06
99,2020-06,Lower Shabelle,0,963,1433,Lower Shabelle,2020,6,0.804853144226116,0.0411989833860188,22,0.4098700579028002,0.8339844726295664,1.1951183678890795,0.9109204970328044,0.991222377932367,0.6587868443993922,0.1522336980148802,0.1201154138652622,0.201488211122693,0.3360359196500412,0.4360472747604675,0.4627965251536148,21.0,20.0,19.0,18.0,17.0,16.0,43,0.008508246593928818,-inf,6.037235289560211e-05
100,2020-06,Middle Juba,0,964,1433,Middle Juba,2020,6,1.0809757244542648,-0.0499341625839439,144,0.6027048691361032,0.9283045422944682,1.2978791304405757,1.150025828580769,1.3081830976798208,1.0846967739218951,0.1700823531307599,0.2454425491993794,0.433866935818887,0.609358725725575,0.8071185072767121,0.8170631983999681,143.0,142.0,141.0,140.0,139.0,138.0,2,0.0031030528715675202,-inf,8.938586069438861e-06
101,2020-06,Middle Shabelle,0,965,1433,Middle Shabelle,2020,6,0.2340082434177942,0.1315503268166041,17,0.054107249256939,0.3475239749259176,0.5744837060692436,0.3072158360700135,0.2723270029839358,0.0392024139346331,0.1191719012981683,0.1604904314189245,0.1275279286925687,0.1777708987015868,0.1791411821595466,0.1070071270260876,16.0,15.0,14.0,13.0,12.0,11.0,20,0.009785907225679898,-inf,3.328027906412246e-05
102,2020-06,Mudug,22,966,1433,Mudug,2020,6,-0.1914576645256185,0.0819431363861612,0,-0.1872679043976454,-0.1586285044702363,0.1912111320622943,0.196851894583196,0.1662497263937417,0.1476666979804699,0.1254141935297253,0.206812766290127,0.1851848641184435,0.1842036176883258,0.1345613667310362,0.0632129805140632,0.0,0.0,4.0,3.0,2.0,1.0,8,0.002220736057353776,3.0910424533583156,-7.823032203398497e-07
103,2020-06,Nugaal,0,967,1433,Nugaal,2020,6,-0.160770767870327,0.0693517405097075,0,-0.1533177919110476,-0.1894030675026146,0.2778375357853881,0.3364122500469239,0.3378957095723301,0.3880588172182331,0.1513611822568351,0.2327581681835263,0.2185670737517008,0.2094031618567795,0.1139399752578671,0.0455698636885864,0.0,0.0,4.0,3.0,2.0,1.0,1,0.0016594524274810532,-inf,-5.215748260429673e-07
104,2020-06,Sanaag,0,968,1433,Sanaag,2020,6,0.0357758852633507,0.0720599053750126,2,0.0257678092820105,-0.0182659860979655,0.5433562498785451,0.7187136933036445,0.809018532258687,0.9634005740189236,0.1223724369518897,0.1171255351652517,0.0682805278398302,0.0585135955062028,0.052559376182004,0.0556622316736382,1.0,0.0,14.0,13.0,12.0,11.0,6,0.0014701577646401877,-inf,-3.947944209029803e-08
105,2020-06,Sool,0,969,1433,Sool,2020,6,-0.1549930208638497,0.0684393251058053,0,-0.1496864301456291,-0.2067231564544865,0.3412358316841812,0.4621082058196579,0.4822723169842762,0.5957839931933231,0.1334049522420888,0.1800478135959616,0.1441526834600773,0.1348152190404009,0.0800894666180937,0.0468585684891949,0.0,0.0,13.0,12.0,11.0,10.0,2,0.0017204192404835263,-inf,-6.118679558924229e-07
106,2020-06,Togdheer,0,970,1433,Togdheer,2020,6,-0.1459549086313918,0.0776509302172752,0,-0.1196457675515779,-0.167800011941951,0.3032589006851793,0.3037179643856543,0.3503132316488053,0.458652947231622,0.1212226977615345,0.121328057914301,0.0420313633796548,0.0940161056177091,0.0910377095089832,0.1446700153390121,0.0,0.0,13.0,12.0,11.0,10.0,5,0.001820272428158295,-inf,-5.559871689616524e-07
107,2020-06,Woqooyi Galbeed,0,971,1433,Woqooyi Galbeed,2020,6,-0.0687295280624817,0.0982129781978632,0,-0.025386681399515,-0.0972473313249439,0.3108062933598112,0.2507172855171168,0.3388812050525032,0.4855836430569744,0.1087276181821395,0.1216976834051273,0.0477819289862703,0.2895833306962175,0.2583844335040678,0.3743042049984927,0.0,0.0,14.0,13.0,12.0,11.0,1,0.0016107324240856426,-inf,-2.523042083417162e-07
108,2020-07,Awdal,0,972,1434,Awdal,2020,7,0.0836951856326598,0.1654787686642726,1,-0.0129390731878908,0.0430864595556675,-0.0863536749474969,0.2590472979803884,0.1575753042259539,0.1928211683185939,0.101181478175869,0.1066061413139926,0.1404414978040904,0.0699160744011088,0.4089263166442337,0.3657618513898316,0.0,1.0,0.0,141.0,140.0,139.0,0,0.0014060378073769858,-inf,8.517944513246176e-08
109,2020-07,Bakool,0,973,1434,Bakool,2020,7,0.4130775416042618,-0.2535682775558872,23,0.4266000495719045,0.1256166972187069,0.4637230483444926,0.7823108373308625,0.5981257390747327,0.6476107394407322,-0.0775129627507978,0.1080299201003034,-0.0818907454994354,0.2598255308795166,0.5849067547677866,1.146358566701533,22.0,21.0,20.0,19.0,18.0,17.0,3,0.004339161252142711,-inf,2.3651514193184817e-06
111,2020-07,Bari,0,975,1434,Bari,2020,7,0.9467656051874396,0.0505982620253739,22,0.8542227210102765,0.6862955027206096,0.8083641021758188,1.1769781747356896,1.3720421225590158,1.8940601460743705,0.0706698813813843,0.1496659710589757,0.2286141569994982,0.2093499347707191,0.19931836669239,0.1059776927120519,21.0,20.0,19.0,18.0,17.0,16.0,8,0.00124865886735538,-inf,1.0700369241408927e-06
112,2020-07,Bay,0,976,1434,Bay,2020,7,0.7747084080801139,-0.3851240948472638,25,0.84795389598592,0.4217591011832453,0.8382062684048343,1.2069646366504392,0.9914644808183518,1.0957516522394135,-0.1392594483231461,0.1705976075176359,-0.0152281922431872,0.4093012652213402,0.7547038262947035,1.2227129810919295,24.0,23.0,22.0,21.0,20.0,19.0,20,0.0048678032659052834,-inf,9.99379642421283e-06
113,2020-07,Galgaduud,9,977,1434,Galgaduud,2020,7,-0.0047099152551533,0.1600157980422307,0,-0.0925600925200876,-0.1439684303556203,-0.0267370938406489,0.3008867291198523,0.2431583536550208,0.2069027494377533,0.1307951821822435,0.1161804650243324,0.2305549447788159,0.1787644719596218,0.2076155167797595,0.2345477880042063,0.0,0.0,0.0,4.0,3.0,2.0,3,0.003565472503646411,2.197224577336219,-1.8302122290160145e-06
114,2020-07,Gedo,0,978,1434,Gedo,2020,7,0.8616075801475842,-0.5672587837387837,25,0.8877314286444682,0.4424544657545545,0.7874769702034209,1.1248477526573024,0.9855295666796748,1.1191833120691883,-0.2360989972817439,0.1538960301198602,-0.0114068804753864,0.5036166029485334,0.915188224117944,1.627922130450815,24.0,23.0,22.0,21.0,20.0,19.0,1,0.002616749249414958,-inf,3.029652370555508e-06
115,2020-07,Hiraan,0,979,1434,Hiraan,2020,7,0.1798806701752044,0.1065265534663989,18,0.2120930698233256,0.0208817452593342,0.298554074568608,0.6028805149717118,0.4064624184293792,0.3867097017618971,0.1105416602303258,0.1089296306275935,0.1616541420962532,0.1665632380660331,0.2580985978051617,0.3685799608196031,17.0,16.0,15.0,14.0,13.0,12.0,20,0.006016509264782172,-inf,7.55885427916512e-07
116,2020-07,Lower Juba,0,980,1434,Lower Juba,2020,7,1.155604990501959,-0.3716630439456983,145,1.109739842462576,0.6311091519516575,0.8700896444265447,1.2151586751301338,1.1036526085932117,1.2753155107461849,-0.3583067734010375,0.0108171083730369,0.8567822486093688,0.9394422557821864,1.1133270426940525,1.326709231889707,144.0,143.0,142.0,141.0,140.0,139.0,28,0.0023353638652866275,-inf,3.442021592344408e-06
117,2020-07,Lower Shabelle,0,981,1434,Lower Shabelle,2020,7,0.7023109355863831,-0.0332665343398981,23,0.804853144226116,0.4098700579028002,0.8339844726295664,1.1951183678890795,0.9109204970328044,0.991222377932367,0.0411989833860188,0.1522336980148802,0.1201154138652622,0.201488211122693,0.3360359196500412,0.4360472747604675,22.0,21.0,20.0,19.0,18.0,17.0,30,0.008508246593928818,-inf,2.967060010005691e-05
118,2020-07,Middle Juba,0,982,1434,Middle Juba,2020,7,1.0620806450960203,-0.1892235748818622,145,1.0809757244542648,0.6027048691361032,0.9283045422944682,1.2978791304405757,1.150025828580769,1.3081830976798208,-0.0499341625839439,0.1700823531307599,0.2454425491993794,0.433866935818887,0.609358725725575,0.8071185072767121,144.0,143.0,142.0,141.0,140.0,139.0,4,0.0031030528715675202,-inf,5.803407289085552e-06
119,2020-07,Middle Shabelle,0,983,1434,Middle Shabelle,2020,7,0.1556446994228358,0.1389541660136587,18,0.2340082434177942,0.054107249256939,0.3475239749259176,0.5744837060692436,0.3072158360700135,0.2723270029839358,0.1315503268166041,0.1191719012981683,0.1604904314189245,0.1275279286925687,0.1777708987015868,0.1791411821595466,17.0,16.0,15.0,14.0,13.0,12.0,17,0.009785907225679898,-inf,5.181525548120305e-06
120,2020-07,Mudug,0,984,1434,Mudug,2020,7,-0.0378962268755091,0.103863217891218,0,-0.1914576645256185,-0.1872679043976454,-0.1586285044702363,0.1912111320622943,0.196851894583196,0.1662497263937417,0.0819431363861612,0.1254141935297253,0.206812766290127,0.1851848641184435,0.1842036176883258,0.1345613667310362,0.0,0.0,0.0,4.0,3.0,2.0,7,0.002220736057353776,-inf,-9.235432507280629e-07
121,2020-07,Nugaal,0,985,1434,Nugaal,2020,7,0.0349207321754295,0.085264552944247,1,-0.160770767870327,-0.1533177919110476,-0.1894030675026146,0.2778375357853881,0.3364122500469239,0.3378957095723301,0.0693517405097075,0.1513611822568351,0.2327581681835263,0.2185670737517008,0.2094031618567795,0.1139399752578671,0.0,0.0,0.0,4.0,3.0,2.0,5,0.0016594524274810532,-inf,-4.2220383069663127e-07
122,2020-07,Sanaag,0,986,1434,Sanaag,2020,7,0.2352402243638889,0.070942014449155,3,0.0357758852633507,0.0257678092820105,-0.0182659860979655,0.5433562498785451,0.7187136933036445,0.809018532258687,0.0720599053750126,0.1223724369518897,0.1171255351652517,0.0682805278398302,0.0585135955062028,0.052559376182004,2.0,1.0,0.0,14.0,13.0,12.0,1,0.0014701577646401877,-inf,5.569361155137888e-08
123,2020-07,Sool,0,987,1434,Sool,2020,7,0.0409844502503236,0.0766489090707046,1,-0.1549930208638497,-0.1496864301456291,-0.2067231564544865,0.3412358316841812,0.4621082058196579,0.4822723169842762,0.0684393251058053,0.1334049522420888,0.1800478135959616,0.1441526834600773,0.1348152190404009,0.0800894666180937,0.0,0.0,0.0,13.0,12.0,11.0,2,0.0017204192404835263,-inf,-4.4304823711515217e-07
124,2020-07,Togdheer,0,988,1434,Togdheer,2020,7,0.036583131866764,0.1027090978192075,1,-0.1459549086313918,-0.1196457675515779,-0.167800011941951,0.3032589006851793,0.3037179643856543,0.3503132316488053,0.0776509302172752,0.1212226977615345,0.121328057914301,0.0420313633796548,0.0940161056177091,0.0910377095089832,0.0,0.0,0.0,13.0,12.0,11.0,2,0.001820272428158295,-inf,-3.964332946666195e-07
125,2020-07,Woqooyi Galbeed,0,989,1434,Woqooyi Galbeed,2020,7,0.0646981099179293,0.1511750666840321,1,-0.0687295280624817,-0.025386681399515,-0.0972473313249439,0.3108062933598112,0.2507172855171168,0.3388812050525032,0.0982129781978632,0.1087276181821395,0.1216976834051273,0.0477819289862703,0.2895833306962175,0.2583844335040678,0.0,0.0,0.0,14.0,13.0,12.0,1,0.0016107324240856426,-inf,-6.586470256469734e-08
126,2020-08,Awdal,0,990,1435,Awdal,2020,8,0.2527995691753305,0.1375916276123147,2,0.0836951856326598,-0.0129390731878908,0.0430864595556675,-0.0863536749474969,0.2590472979803884,0.1575753042259539,0.1654787686642726,0.101181478175869,0.1066061413139926,0.1404414978040904,0.0699160744011088,0.4089263166442337,1.0,0.0,1.0,0.0,141.0,140.0,1,0.0014060378073769858,-inf,-2.5579801312031404e-08
127,2020-08,Bakool,0,991,1435,Bakool,2020,8,0.6683357737447282,-0.454551918931577,24,0.4130775416042618,0.4266000495719045,0.1256166972187069,0.4637230483444926,0.7823108373308625,0.5981257390747327,-0.2535682775558872,-0.0775129627507978,0.1080299201003034,-0.0818907454994354,0.2598255308795166,0.5849067547677866,23.0,22.0,21.0,20.0,19.0,18.0,1,0.004339161252142711,-inf,8.03216240409215e-06
129,2020-08,Bari,10,993,1435,Bari,2020,8,0.9582311062861408,0.2277697479176822,23,0.9467656051874396,0.8542227210102765,0.6862955027206096,0.8083641021758188,1.1769781747356896,1.3720421225590158,0.0505982620253739,0.0706698813813843,0.1496659710589757,0.2286141569994982,0.2093499347707191,0.19931836669239,22.0,21.0,20.0,19.0,18.0,17.0,5,0.00124865886735538,2.3025850929940455,1.3318604730726456e-06
130,2020-08,Bay,0,994,1435,Bay,2020,8,1.1206860975210995,-0.6011345114700084,26,0.7747084080801139,0.84795389598592,0.4217591011832453,0.8382062684048343,1.2069646366504392,0.9914644808183518,-0.3851240948472638,-0.1392594483231461,0.1705976075176359,-0.0152281922431872,0.4093012652213402,0.7547038262947035,25.0,24.0,23.0,22.0,21.0,20.0,25,0.0048678032659052834,-inf,2.009269886488954e-05
131,2020-08,Galgaduud,0,995,1435,Galgaduud,2020,8,0.1014379757257673,0.1442387700307299,1,-0.0047099152551533,-0.0925600925200876,-0.1439684303556203,-0.0267370938406489,0.3008867291198523,0.2431583536550208,0.1600157980422307,0.1307951821822435,0.1161804650243324,0.2305549447788159,0.1787644719596218,0.2076155167797595,0.0,0.0,0.0,0.0,4.0,3.0,5,0.003565472503646411,-inf,-1.1766788929397032e-06
132,2020-08,Gedo,0,996,1435,Gedo,2020,8,1.2206713667781812,-0.8384565580429324,26,0.8616075801475842,0.8877314286444682,0.4424544657545545,0.7874769702034209,1.1248477526573024,0.9855295666796748,-0.5672587837387837,-0.2360989972817439,0.1538960301198602,-0.0114068804753864,0.5036166029485334,0.915188224117944,25.0,24.0,23.0,22.0,21.0,20.0,12,0.002616749249414958,-inf,6.078631442046092e-06
133,2020-08,Hiraan,8,997,1435,Hiraan,2020,8,0.3570053540405363,0.0527056589770936,19,0.1798806701752044,0.2120930698233256,0.0208817452593342,0.298554074568608,0.6028805149717118,0.4064624184293792,0.1065265534663989,0.1105416602303258,0.1089296306275935,0.1616541420962532,0.1665632380660331,0.2580985978051617,18.0,17.0,16.0,15.0,14.0,13.0,12,0.006016509264782172,2.0794415416798357,7.67742632861918e-06
134,2020-08,Lower Juba,0,998,1435,Lower Juba,2020,8,1.548832928285937,-0.5713051773172221,146,1.155604990501959,1.109739842462576,0.6311091519516575,0.8700896444265447,1.2151586751301338,1.1036526085932117,-0.3716630439456983,-0.3583067734010375,0.0108171083730369,0.8567822486093688,0.9394422557821864,1.1133270426940525,145.0,144.0,143.0,142.0,141.0,140.0,44,0.0023353638652866275,-inf,6.05243718591116e-06
135,2020-08,Lower Shabelle,0,999,1435,Lower Shabelle,2020,8,1.0276529370895984,-0.1202987708680081,24,0.7023109355863831,0.804853144226116,0.4098700579028002,0.8339844726295664,1.1951183678890795,0.9109204970328044,-0.0332665343398981,0.0411989833860188,0.1522336980148802,0.1201154138652622,0.201488211122693,0.3360359196500412,23.0,22.0,21.0,20.0,19.0,18.0,73,0.008508246593928818,-inf,5.8263528455327465e-05
136,2020-08,Middle Juba,0,1000,1435,Middle Juba,2020,8,1.4482027603191805,-0.3114689023080592,146,1.0620806450960203,1.0809757244542648,0.6027048691361032,0.9283045422944682,1.2978791304405757,1.150025828580769,-0.1892235748818622,-0.0499341625839439,0.1700823531307599,0.2454425491993794,0.433866935818887,0.609358725725575,145.0,144.0,143.0,142.0,141.0,140.0,1,0.0031030528715675202,-inf,1.0408647283063123e-05
137,2020-08,Middle Shabelle,0,1001,1435,Middle Shabelle,2020,8,0.3285018194265017,0.1161113475981224,19,0.1556446994228358,0.2340082434177942,0.054107249256939,0.3475239749259176,0.5744837060692436,0.3072158360700135,0.1389541660136587,0.1315503268166041,0.1191719012981683,0.1604904314189245,0.1275279286925687,0.1777708987015868,18.0,17.0,16.0,15.0,14.0,13.0,16,0.009785907225679898,-inf,2.2409560796228352e-05
138,2020-08,Mudug,0,1002,1435,Mudug,2020,8,0.0314823758908758,0.2226834906995919,1,-0.0378962268755091,-0.1914576645256185,-0.1872679043976454,-0.1586285044702363,0.1912111320622943,0.196851894583196,0.103863217891218,0.0819431363861612,0.1254141935297253,0.206812766290127,0.1851848641184435,0.1842036176883258,0.0,0.0,0.0,0.0,4.0,3.0,4,0.002220736057353776,-inf,-9.442057593453577e-07
139,2020-08,Nugaal,0,1003,1435,Nugaal,2020,8,0.1302011455745983,0.2624304914273327,2,0.0349207321754295,-0.160770767870327,-0.1533177919110476,-0.1894030675026146,0.2778375357853881,0.3364122500469239,0.085264552944247,0.0693517405097075,0.1513611822568351,0.2327581681835263,0.2185670737517008,0.2094031618567795,1.0,0.0,0.0,0.0,4.0,3.0,1,0.0016594524274810532,-inf,-4.427277044158883e-07
140,2020-08,Sanaag,0,1004,1435,Sanaag,2020,8,0.3683839584225041,0.0656321122766688,4,0.2352402243638889,0.0357758852633507,0.0257678092820105,-0.0182659860979655,0.5433562498785451,0.7187136933036445,0.070942014449155,0.0720599053750126,0.1223724369518897,0.1171255351652517,0.0682805278398302,0.0585135955062028,3.0,2.0,1.0,0.0,14.0,13.0,3,0.0014701577646401877,-inf,7.732470521484288e-08
141,2020-08,Sool,0,1005,1435,Sool,2020,8,0.1871712752994091,0.1818122086174714,2,0.0409844502503236,-0.1549930208638497,-0.1496864301456291,-0.2067231564544865,0.3412358316841812,0.4621082058196579,0.0766489090707046,0.0684393251058053,0.1334049522420888,0.1800478135959616,0.1441526834600773,0.1348152190404009,1.0,0.0,0.0,0.0,13.0,12.0,1,0.0017204192404835263,-inf,-4.5875490912618157e-07
142,2020-08,Togdheer,0,1006,1435,Togdheer,2020,8,0.2228593685352212,0.052313653927668,2,0.036583131866764,-0.1459549086313918,-0.1196457675515779,-0.167800011941951,0.3032589006851793,0.3037179643856543,0.1027090978192075,0.0776509302172752,0.1212226977615345,0.121328057914301,0.0420313633796548,0.0940161056177091,1.0,0.0,0.0,0.0,13.0,12.0,2,0.001820272428158295,-inf,-4.836057846890798e-07
143,2020-08,Woqooyi Galbeed,0,1007,1435,Woqooyi Galbeed,2020,8,0.2641165124206855,0.104741473775154,2,0.0646981099179293,-0.0687295280624817,-0.025386681399515,-0.0972473313249439,0.3108062933598112,0.2507172855171168,0.1511750666840321,0.0982129781978632,0.1087276181821395,0.1216976834051273,0.0477819289862703,0.2895833306962175,1.0,0.0,0.0,0.0,14.0,13.0,4,0.0016107324240856426,-inf,-1.7831593866120128e-07
144,2020-09,Awdal,0,1008,1436,Awdal,2020,9,0.3925751192048052,0.2538177737506243,3,0.2527995691753305,0.0836951856326598,-0.0129390731878908,0.0430864595556675,-0.0863536749474969,0.2590472979803884,0.1375916276123147,0.1654787686642726,0.101181478175869,0.1066061413139926,0.1404414978040904,0.0699160744011088,2.0,1.0,0.0,1.0,0.0,141.0,1,0.0014060378073769858,-inf,1.654605541037219e-07
145,2020-09,Bakool,0,1009,1436,Bakool,2020,9,0.6909237879514093,-0.6875717184948212,25,0.6683357737447282,0.4130775416042618,0.4266000495719045,0.1256166972187069,0.4637230483444926,0.7823108373308625,-0.454551918931577,-0.2535682775558872,-0.0775129627507978,0.1080299201003034,-0.0818907454994354,0.2598255308795166,24.0,23.0,22.0,21.0,20.0,19.0,2,0.004339161252142711,-inf,7.777556291843143e-06
147,2020-09,Bari,0,1011,1436,Bari,2020,9,0.7604977889407281,0.2405121695049659,24,0.9582311062861408,0.9467656051874396,0.8542227210102765,0.6862955027206096,0.8083641021758188,1.1769781747356896,0.2277697479176822,0.0505982620253739,0.0706698813813843,0.1496659710589757,0.2286141569994982,0.2093499347707191,23.0,22.0,21.0,20.0,19.0,18.0,1,0.00124865886735538,-inf,1.4761486153430039e-06
148,2020-09,Bay,0,1012,1436,Bay,2020,9,1.14042939775039,-0.8389804755209298,27,1.1206860975210995,0.7747084080801139,0.84795389598592,0.4217591011832453,0.8382062684048343,1.2069646366504392,-0.6011345114700084,-0.3851240948472638,-0.1392594483231461,0.1705976075176359,-0.0152281922431872,0.4093012652213402,26.0,25.0,24.0,23.0,22.0,21.0,11,0.0048678032659052834,-inf,1.835710977370184e-05
149,2020-09,Galgaduud,0,1013,1436,Galgaduud,2020,9,-0.0339517274220146,0.1348486054746306,0,0.1014379757257673,-0.0047099152551533,-0.0925600925200876,-0.1439684303556203,-0.0267370938406489,0.3008867291198523,0.1442387700307299,0.1600157980422307,0.1307951821822435,0.1161804650243324,0.2305549447788159,0.1787644719596218,1.0,0.0,0.0,0.0,0.0,4.0,13,0.003565472503646411,-inf,-5.987524123391357e-08
150,2020-09,Gedo,0,1014,1436,Gedo,2020,9,1.25890709615064,-1.11830725911934,27,1.2206713667781812,0.8616075801475842,0.8877314286444682,0.4424544657545545,0.7874769702034209,1.1248477526573024,-0.8384565580429324,-0.5672587837387837,-0.2360989972817439,0.1538960301198602,-0.0114068804753864,0.5036166029485334,26.0,25.0,24.0,23.0,22.0,21.0,19,0.002616749249414958,-inf,5.899751612250177e-06
151,2020-09,Hiraan,0,1015,1436,Hiraan,2020,9,0.3154625940348944,0.001205315000163,20,0.3570053540405363,0.1798806701752044,0.2120930698233256,0.0208817452593342,0.298554074568608,0.6028805149717118,0.0527056589770936,0.1065265534663989,0.1105416602303258,0.1089296306275935,0.1616541420962532,0.1665632380660331,19.0,18.0,17.0,16.0,15.0,14.0,19,0.006016509264782172,-inf,6.511389525188979e-06
152,2020-09,Lower Juba,0,1016,1436,Lower Juba,2020,9,1.6323196218504283,-0.485281555035819,147,1.548832928285937,1.155604990501959,1.109739842462576,0.6311091519516575,0.8700896444265447,1.2151586751301338,-0.5713051773172221,-0.3716630439456983,-0.3583067734010375,0.0108171083730369,0.8567822486093688,0.9394422557821864,146.0,145.0,144.0,143.0,142.0,141.0,31,0.0023353638652866275,-inf,6.302582235146195e-06
153,2020-09,Lower Shabelle,0,1017,1436,Lower Shabelle,2020,9,1.0396283829238775,-0.1887545183568926,25,1.0276529370895984,0.7023109355863831,0.804853144226116,0.4098700579028002,0.8339844726295664,1.1951183678890795,-0.1202987708680081,-0.0332665343398981,0.0411989833860188,0.1522336980148802,0.1201154138652622,0.201488211122693,24.0,23.0,22.0,21.0,20.0,19.0,64,0.008508246593928818,-inf,5.0840471300350723e-05
154,2020-09,Middle Juba,0,1018,1436,Middle Juba,2020,9,1.5101257181315029,-0.3505276098070287,147,1.4482027603191805,1.0620806450960203,1.0809757244542648,0.6027048691361032,0.9283045422944682,1.2978791304405757,-0.3114689023080592,-0.1892235748818622,-0.0499341625839439,0.1700823531307599,0.2454425491993794,0.433866935818887,146.0,145.0,144.0,143.0,142.0,141.0,3,0.0031030528715675202,-inf,1.0226707751974443e-05
155,2020-09,Middle Shabelle,0,1019,1436,Middle Shabelle,2020,9,0.2816677687922087,0.0852958225854196,20,0.3285018194265017,0.1556446994228358,0.2340082434177942,0.054107249256939,0.3475239749259176,0.5744837060692436,0.1161113475981224,0.1389541660136587,0.1315503268166041,0.1191719012981683,0.1604904314189245,0.1275279286925687,19.0,18.0,17.0,16.0,15.0,14.0,12,0.009785907225679898,-inf,1.4905155918372667e-05
156,2020-09,Mudug,0,1020,1436,Mudug,2020,9,-0.2238589360161643,0.2327336772430206,0,0.0314823758908758,-0.0378962268755091,-0.1914576645256185,-0.1872679043976454,-0.1586285044702363,0.1912111320622943,0.2226834906995919,0.103863217891218,0.0819431363861612,0.1254141935297253,0.206812766290127,0.1851848641184435,1.0,0.0,0.0,0.0,0.0,4.0,5,0.002220736057353776,-inf,-1.868916335210291e-07
157,2020-09,Nugaal,0,1021,1436,Nugaal,2020,9,-0.2315841096967096,0.2754573657847433,0,0.1302011455745983,0.0349207321754295,-0.160770767870327,-0.1533177919110476,-0.1894030675026146,0.2778375357853881,0.2624304914273327,0.085264552944247,0.0693517405097075,0.1513611822568351,0.2327581681835263,0.2185670737517008,2.0,1.0,0.0,0.0,0.0,4.0,2,0.0016594524274810532,-inf,9.61640962306023e-08
158,2020-09,Sanaag,0,1022,1436,Sanaag,2020,9,0.1702545408502064,0.063488065981665,5,0.3683839584225041,0.2352402243638889,0.0357758852633507,0.0257678092820105,-0.0182659860979655,0.5433562498785451,0.0656321122766688,0.070942014449155,0.0720599053750126,0.1223724369518897,0.1171255351652517,0.0682805278398302,4.0,3.0,2.0,1.0,0.0,14.0,2,0.0014701577646401877,-inf,5.084397176956839e-07
159,2020-09,Sool,0,1023,1436,Sool,2020,9,-0.0243363426120096,0.1952241718424453,0,0.1871712752994091,0.0409844502503236,-0.1549930208638497,-0.1496864301456291,-0.2067231564544865,0.3412358316841812,0.1818122086174714,0.0766489090707046,0.0684393251058053,0.1334049522420888,0.1800478135959616,0.1441526834600773,2.0,1.0,0.0,0.0,0.0,13.0,1,0.0017204192404835263,-inf,1.213075120762358e-07
160,2020-09,Togdheer,0,1024,1436,Togdheer,2020,9,0.2235527188855988,0.0912698227672321,3,0.2228593685352212,0.036583131866764,-0.1459549086313918,-0.1196457675515779,-0.167800011941951,0.3032589006851793,0.052313653927668,0.1027090978192075,0.0776509302172752,0.1212226977615345,0.121328057914301,0.0420313633796548,2.0,1.0,0.0,0.0,0.0,13.0,0,0.001820272428158295,-inf,1.212142459524335e-07
161,2020-09,Woqooyi Galbeed,0,1025,1436,Woqooyi Galbeed,2020,9,0.3605687029315361,0.2012174515885585,3,0.2641165124206855,0.0646981099179293,-0.0687295280624817,-0.025386681399515,-0.0972473313249439,0.3108062933598112,0.104741473775154,0.1511750666840321,0.0982129781978632,0.1087276181821395,0.1216976834051273,0.0477819289862703,2.0,1.0,0.0,0.0,0.0,14.0,0,0.0016107324240856426,-inf,1.6785658980712301e-07
162,2020-10,Awdal,0,1026,1437,Awdal,2020,10,0.8816150730756929,0.0498514315329875,4,0.3925751192048052,0.2527995691753305,0.0836951856326598,-0.0129390731878908,0.0430864595556675,-0.0863536749474969,0.2538177737506243,0.1375916276123147,0.1654787686642726,0.101181478175869,0.1066061413139926,0.1404414978040904,3.0,2.0,1.0,0.0,1.0,0.0,0,0.0014060378073769858,-inf,4.997701657120163e-07
163,2020-10,Bakool,0,1027,1437,Bakool,2020,10,0.8026351155355381,-0.5327322193405588,26,0.6909237879514093,0.6683357737447282,0.4130775416042618,0.4266000495719045,0.1256166972187069,0.4637230483444926,-0.6875717184948212,-0.454551918931577,-0.2535682775558872,-0.0775129627507978,0.1080299201003034,-0.0818907454994354,25.0,24.0,23.0,22.0,21.0,20.0,5,0.004339161252142711,-inf,1.2583640064198874e-05
165,2020-10,Bari,0,1029,1437,Bari,2020,10,0.8126336161197243,0.2261675852022191,25,0.7604977889407281,0.9582311062861408,0.9467656051874396,0.8542227210102765,0.6862955027206096,0.8083641021758188,0.2405121695049659,0.2277697479176822,0.0505982620253739,0.0706698813813843,0.1496659710589757,0.2286141569994982,24.0,23.0,22.0,21.0,20.0,19.0,0,0.00124865886735538,-inf,1.4940250395374705e-06
166,2020-10,Bay,0,1030,1437,Bay,2020,10,1.2848094792378273,-0.6188013705622626,28,1.14042939775039,1.1206860975210995,0.7747084080801139,0.84795389598592,0.4217591011832453,0.8382062684048343,-0.8389804755209298,-0.6011345114700084,-0.3851240948472638,-0.1392594483231461,0.1705976075176359,-0.0152281922431872,27.0,26.0,25.0,24.0,23.0,22.0,26,0.0048678032659052834,-inf,2.6555227101561168e-05
167,2020-10,Galgaduud,0,1031,1437,Galgaduud,2020,10,0.0189021019812603,0.1471661595411663,1,-0.0339517274220146,0.1014379757257673,-0.0047099152551533,-0.0925600925200876,-0.1439684303556203,-0.0267370938406489,0.1348486054746306,0.1442387700307299,0.1600157980422307,0.1307951821822435,0.1161804650243324,0.2305549447788159,0.0,1.0,0.0,0.0,0.0,0.0,12,0.003565472503646411,-inf,1.2895398192599752e-06
168,2020-10,Gedo,0,1032,1437,Gedo,2020,10,1.3708989769668751,-0.8316879675224511,28,1.25890709615064,1.2206713667781812,0.8616075801475842,0.8877314286444682,0.4424544657545545,0.7874769702034209,-1.11830725911934,-0.8384565580429324,-0.5672587837387837,-0.2360989972817439,0.1538960301198602,-0.0114068804753864,27.0,26.0,25.0,24.0,23.0,22.0,15,0.002616749249414958,-inf,8.358396595052743e-06
169,2020-10,Hiraan,0,1033,1437,Hiraan,2020,10,0.3990484026557338,0.0160427481532907,21,0.3154625940348944,0.3570053540405363,0.1798806701752044,0.2120930698233256,0.0208817452593342,0.298554074568608,0.001205315000163,0.0527056589770936,0.1065265534663989,0.1105416602303258,0.1089296306275935,0.1616541420962532,20.0,19.0,18.0,17.0,16.0,15.0,13,0.006016509264782172,-inf,1.2923016800369721e-05
170,2020-10,Lower Juba,0,1034,1437,Lower Juba,2020,10,1.7458642108878817,-0.3526274410840738,148,1.6323196218504283,1.548832928285937,1.155604990501959,1.109739842462576,0.6311091519516575,0.8700896444265447,-0.485281555035819,-0.5713051773172221,-0.3716630439456983,-0.3583067734010375,0.0108171083730369,0.8567822486093688,147.0,146.0,145.0,144.0,143.0,142.0,29,0.0023353638652866275,-inf,8.447217673215699e-06
171,2020-10,Lower Shabelle,258,1035,1437,Lower Shabelle,2020,10,1.197764851548167,-0.1285418390246726,26,1.0396283829238775,1.0276529370895984,0.7023109355863831,0.804853144226116,0.4098700579028002,0.8339844726295664,-0.1887545183568926,-0.1202987708680081,-0.0332665343398981,0.0411989833860188,0.1522336980148802,0.1201154138652622,25.0,24.0,23.0,22.0,21.0,20.0,48,0.008508246593928818,5.552959584921617,7.439206341163205e-05
172,2020-10,Middle Juba,0,1036,1437,Middle Juba,2020,10,1.6451062634346276,-0.2812971401170272,148,1.5101257181315029,1.4482027603191805,1.0620806450960203,1.0809757244542648,0.6027048691361032,0.9283045422944682,-0.3505276098070287,-0.3114689023080592,-0.1892235748818622,-0.0499341625839439,0.1700823531307599,0.2454425491993794,147.0,146.0,145.0,144.0,143.0,142.0,0,0.0031030528715675202,-inf,1.3944653321545069e-05
173,2020-10,Middle Shabelle,0,1037,1437,Middle Shabelle,2020,10,0.335223575256068,0.0742876805249436,21,0.2816677687922087,0.3285018194265017,0.1556446994228358,0.2340082434177942,0.054107249256939,0.3475239749259176,0.0852958225854196,0.1161113475981224,0.1389541660136587,0.1315503268166041,0.1191719012981683,0.1604904314189245,20.0,19.0,18.0,17.0,16.0,15.0,17,0.009785907225679898,-inf,3.145864174095175e-05
174,2020-10,Mudug,16,1038,1437,Mudug,2020,10,-0.1965342988148539,0.226562483429295,0,-0.2238589360161643,0.0314823758908758,-0.0378962268755091,-0.1914576645256185,-0.1872679043976454,-0.1586285044702363,0.2327336772430206,0.2226834906995919,0.103863217891218,0.0819431363861612,0.1254141935297253,0.206812766290127,0.0,1.0,0.0,0.0,0.0,0.0,8,0.002220736057353776,2.772588722239781,1.552606457813697e-07
175,2020-10,Nugaal,0,1039,1437,Nugaal,2020,10,-0.155253148941609,0.2620036209329585,0,-0.2315841096967096,0.1302011455745983,0.0349207321754295,-0.160770767870327,-0.1533177919110476,-0.1894030675026146,0.2754573657847433,0.2624304914273327,0.085264552944247,0.0693517405097075,0.1513611822568351,0.2327581681835263,0.0,2.0,1.0,0.0,0.0,0.0,3,0.0016594524274810532,-inf,3.585456178143932e-07
176,2020-10,Sanaag,0,1040,1437,Sanaag,2020,10,0.4250779975911063,0.1078463782343433,6,0.1702545408502064,0.3683839584225041,0.2352402243638889,0.0357758852633507,0.0257678092820105,-0.0182659860979655,0.063488065981665,0.0656321122766688,0.070942014449155,0.0720599053750126,0.1223724369518897,0.1171255351652517,5.0,4.0,3.0,2.0,1.0,0.0,3,0.0014701577646401877,-inf,7.962117717343438e-07
177,2020-10,Sool,0,1041,1437,Sool,2020,10,0.2368533342783553,0.2054640465564217,1,-0.0243363426120096,0.1871712752994091,0.0409844502503236,-0.1549930208638497,-0.1496864301456291,-0.2067231564544865,0.1952241718424453,0.1818122086174714,0.0766489090707046,0.0684393251058053,0.1334049522420888,0.1800478135959616,0.0,2.0,1.0,0.0,0.0,0.0,3,0.0017204192404835263,-inf,5.539974697727768e-07
178,2020-10,Togdheer,0,1042,1437,Togdheer,2020,10,0.6165150543735505,0.0963604148340428,4,0.2235527188855988,0.2228593685352212,0.036583131866764,-0.1459549086313918,-0.1196457675515779,-0.167800011941951,0.0912698227672321,0.052313653927668,0.1027090978192075,0.0776509302172752,0.1212226977615345,0.121328057914301,3.0,2.0,1.0,0.0,0.0,0.0,1,0.001820272428158295,-inf,7.3842038480512e-07
179,2020-10,Woqooyi Galbeed,0,1043,1437,Woqooyi Galbeed,2020,10,0.8215381171777316,0.0598382717799127,4,0.3605687029315361,0.2641165124206855,0.0646981099179293,-0.0687295280624817,-0.025386681399515,-0.0972473313249439,0.2012174515885585,0.104741473775154,0.1511750666840321,0.0982129781978632,0.1087276181821395,0.1216976834051273,3.0,2.0,1.0,0.0,0.0,0.0,2,0.0016107324240856426,-inf,6.852394473799156e-07
180,2020-11,Awdal,0,1044,1438,Awdal,2020,11,1.2498898285073237,0.0436013740950215,5,0.8816150730756929,0.3925751192048052,0.2527995691753305,0.0836951856326598,-0.0129390731878908,0.0430864595556675,0.0498514315329875,0.2538177737506243,0.1375916276123147,0.1654787686642726,0.101181478175869,0.1066061413139926,4.0,3.0,2.0,1.0,0.0,1.0,0,0.0014060378073769858,-inf,7.760983652757982e-07
181,2020-11,Bakool,0,1045,1438,Bakool,2020,11,0.8107438713953247,-0.3737084405727948,27,0.8026351155355381,0.6909237879514093,0.6683357737447282,0.4130775416042618,0.4266000495719045,0.1256166972187069,-0.5327322193405588,-0.6875717184948212,-0.454551918931577,-0.2535682775558872,-0.0775129627507978,0.1080299201003034,26.0,25.0,24.0,23.0,22.0,21.0,12,0.004339161252142711,-inf,1.3008934432251738e-05
183,2020-11,Bari,0,1047,1438,Bari,2020,11,0.7748824060548952,0.2362076364799005,26,0.8126336161197243,0.7604977889407281,0.9582311062861408,0.9467656051874396,0.8542227210102765,0.6862955027206096,0.2261675852022191,0.2405121695049659,0.2277697479176822,0.0505982620253739,0.0706698813813843,0.1496659710589757,25.0,24.0,23.0,22.0,21.0,20.0,4,0.00124865886735538,-inf,1.1857293420519e-06
184,2020-11,Bay,7,1048,1438,Bay,2020,11,1.2781432657472886,-0.4105961929671499,29,1.2848094792378273,1.14042939775039,1.1206860975210995,0.7747084080801139,0.84795389598592,0.4217591011832453,-0.6188013705622626,-0.8389804755209298,-0.6011345114700084,-0.3851240948472638,-0.1392594483231461,0.1705976075176359,28.0,27.0,26.0,25.0,24.0,23.0,26,0.0048678032659052834,1.9459101490553132,2.702305464263874e-05
185,2020-11,Galgaduud,0,1049,1438,Galgaduud,2020,11,-0.037602279910154,0.1467965885013168,0,0.0189021019812603,-0.0339517274220146,0.1014379757257673,-0.0047099152551533,-0.0925600925200876,-0.1439684303556203,0.1471661595411663,0.1348486054746306,0.1442387700307299,0.1600157980422307,0.1307951821822435,0.1161804650243324,1.0,0.0,1.0,0.0,0.0,0.0,19,0.003565472503646411,-inf,-4.31614532231119e-07
186,2020-11,Gedo,0,1050,1438,Gedo,2020,11,1.41243124543272,-0.552782039304707,29,1.3708989769668751,1.25890709615064,1.2206713667781812,0.8616075801475842,0.8877314286444682,0.4424544657545545,-0.8316879675224511,-1.11830725911934,-0.8384565580429324,-0.5672587837387837,-0.2360989972817439,0.1538960301198602,28.0,27.0,26.0,25.0,24.0,23.0,16,0.002616749249414958,-inf,8.620211034953661e-06
187,2020-11,Hiraan,0,1051,1438,Hiraan,2020,11,0.3481172147178662,0.0584594131389676,22,0.3990484026557338,0.3154625940348944,0.3570053540405363,0.1798806701752044,0.2120930698233256,0.0208817452593342,0.0160427481532907,0.001205315000163,0.0527056589770936,0.1065265534663989,0.1105416602303258,0.1089296306275935,21.0,20.0,19.0,18.0,17.0,16.0,25,0.006016509264782172,-inf,1.1419236032348858e-05
188,2020-11,Lower Juba,0,1052,1438,Lower Juba,2020,11,1.7267823865917902,-0.4099442662265996,149,1.7458642108878817,1.6323196218504283,1.548832928285937,1.155604990501959,1.109739842462576,0.6311091519516575,-0.3526274410840738,-0.485281555035819,-0.5713051773172221,-0.3716630439456983,-0.3583067734010375,0.0108171083730369,148.0,147.0,146.0,145.0,144.0,143.0,37,0.0023353638652866275,-inf,8.902547786927046e-06
189,2020-11,Lower Shabelle,0,1053,1438,Lower Shabelle,2020,11,1.1579661508772563,-0.0270040880036086,27,1.197764851548167,1.0396283829238775,1.0276529370895984,0.7023109355863831,0.804853144226116,0.4098700579028002,-0.1285418390246726,-0.1887545183568926,-0.1202987708680081,-0.0332665343398981,0.0411989833860188,0.1522336980148802,26.0,25.0,24.0,23.0,22.0,21.0,66,0.008508246593928818,-inf,7.525896905042613e-05
190,2020-11,Middle Juba,0,1054,1438,Middle Juba,2020,11,1.652142652674144,-0.1826037421448277,149,1.6451062634346276,1.5101257181315029,1.4482027603191805,1.0620806450960203,1.0809757244542648,0.6027048691361032,-0.2812971401170272,-0.3505276098070287,-0.3114689023080592,-0.1892235748818622,-0.0499341625839439,0.1700823531307599,148.0,147.0,146.0,145.0,144.0,143.0,3,0.0031030528715675202,-inf,1.454090558883614e-05
191,2020-11,Middle Shabelle,0,1055,1438,Middle Shabelle,2020,11,0.222528943050844,0.1171268113369072,22,0.335223575256068,0.2816677687922087,0.3285018194265017,0.1556446994228358,0.2340082434177942,0.054107249256939,0.0742876805249436,0.0852958225854196,0.1161113475981224,0.1389541660136587,0.1315503268166041,0.1191719012981683,21.0,20.0,19.0,18.0,17.0,16.0,13,0.009785907225679898,-inf,2.697362664193657e-05
192,2020-11,Mudug,0,1056,1438,Mudug,2020,11,-0.2881070464671083,0.2036611554941206,0,-0.1965342988148539,-0.2238589360161643,0.0314823758908758,-0.0378962268755091,-0.1914576645256185,-0.1872679043976454,0.226562483429295,0.2327336772430206,0.2226834906995919,0.103863217891218,0.0819431363861612,0.1254141935297253,0.0,0.0,1.0,0.0,0.0,0.0,13,0.002220736057353776,-inf,-1.1039980937357746e-06
193,2020-11,Nugaal,0,1057,1438,Nugaal,2020,11,-0.2135344246637071,0.2369268966034977,0,-0.155253148941609,-0.2315841096967096,0.1302011455745983,0.0349207321754295,-0.160770767870327,-0.1533177919110476,0.2620036209329585,0.2754573657847433,0.2624304914273327,0.085264552944247,0.0693517405097075,0.1513611822568351,0.0,0.0,2.0,1.0,0.0,0.0,2,0.0016594524274810532,-inf,-6.377322359243699e-07
194,2020-11,Sanaag,0,1058,1438,Sanaag,2020,11,0.6246964201779026,0.0991973368265734,7,0.4250779975911063,0.1702545408502064,0.3683839584225041,0.2352402243638889,0.0357758852633507,0.0257678092820105,0.1078463782343433,0.063488065981665,0.0656321122766688,0.070942014449155,0.0720599053750126,0.1223724369518897,6.0,5.0,4.0,3.0,2.0,1.0,0,0.0014701577646401877,-inf,3.679820103911423e-07
195,2020-11,Sool,0,1059,1438,Sool,2020,11,0.4032364843074446,0.1879169981718459,2,0.2368533342783553,-0.0243363426120096,0.1871712752994091,0.0409844502503236,-0.1549930208638497,-0.1496864301456291,0.2054640465564217,0.1952241718424453,0.1818122086174714,0.0766489090707046,0.0684393251058053,0.1334049522420888,1.0,0.0,2.0,1.0,0.0,0.0,6,0.0017204192404835263,-inf,-7.203173782413872e-08
196,2020-11,Togdheer,0,1060,1438,Togdheer,2020,11,0.950428172053852,0.0802889905892799,5,0.6165150543735505,0.2235527188855988,0.2228593685352212,0.036583131866764,-0.1459549086313918,-0.1196457675515779,0.0963604148340428,0.0912698227672321,0.052313653927668,0.1027090978192075,0.0776509302172752,0.1212226977615345,4.0,3.0,2.0,1.0,0.0,0.0,2,0.001820272428158295,-inf,7.40717726110068e-07
197,2020-11,Woqooyi Galbeed,0,1061,1438,Woqooyi Galbeed,2020,11,1.235669466335189,0.0579959759911441,5,0.8215381171777316,0.3605687029315361,0.2641165124206855,0.0646981099179293,-0.0687295280624817,-0.025386681399515,0.0598382717799127,0.2012174515885585,0.104741473775154,0.1511750666840321,0.0982129781978632,0.1087276181821395,4.0,3.0,2.0,1.0,0.0,0.0,1,0.0016107324240856426,-inf,9.354806955263576e-07
198,2020-12,Awdal,0,1062,1439,Awdal,2020,12,1.5321473174783342,-0.088068195542758,6,1.2498898285073237,0.8816150730756929,0.3925751192048052,0.2527995691753305,0.0836951856326598,-0.0129390731878908,0.0436013740950215,0.0498514315329875,0.2538177737506243,0.1375916276123147,0.1654787686642726,0.101181478175869,5.0,4.0,3.0,2.0,1.0,0.0,0,0.0014060378073769858,-inf,1.7429021441870675e-06
199,2020-12,Bakool,0,1063,1439,Bakool,2020,12,0.94182986847459,-0.3571001475217229,28,0.8107438713953247,0.8026351155355381,0.6909237879514093,0.6683357737447282,0.4130775416042618,0.4266000495719045,-0.3737084405727948,-0.5327322193405588,-0.6875717184948212,-0.454551918931577,-0.2535682775558872,-0.0775129627507978,27.0,26.0,25.0,24.0,23.0,22.0,18,0.004339161252142711,-inf,1.5112271097197959e-05
201,2020-12,Bari,0,1065,1439,Bari,2020,12,0.9096532537946074,0.0397719283588131,27,0.7748824060548952,0.8126336161197243,0.7604977889407281,0.9582311062861408,0.9467656051874396,0.8542227210102765,0.2362076364799005,0.2261675852022191,0.2405121695049659,0.2277697479176822,0.0505982620253739,0.0706698813813843,26.0,25.0,24.0,23.0,22.0,21.0,12,0.00124865886735538,-inf,1.2670168631430376e-06
202,2020-12,Bay,0,1066,1439,Bay,2020,12,1.3909254771393602,-0.4026236293499831,30,1.2781432657472886,1.2848094792378273,1.14042939775039,1.1206860975210995,0.7747084080801139,0.84795389598592,-0.4105961929671499,-0.6188013705622626,-0.8389804755209298,-0.6011345114700084,-0.3851240948472638,-0.1392594483231461,29.0,28.0,27.0,26.0,25.0,24.0,19,0.0048678032659052834,-inf,3.04442141103269e-05
203,2020-12,Galgaduud,0,1067,1439,Galgaduud,2020,12,0.1691353964410685,0.1107831436936235,1,-0.037602279910154,0.0189021019812603,-0.0339517274220146,0.1014379757257673,-0.0047099152551533,-0.0925600925200876,0.1467965885013168,0.1471661595411663,0.1348486054746306,0.1442387700307299,0.1600157980422307,0.1307951821822435,0.0,1.0,0.0,1.0,0.0,0.0,10,0.003565472503646411,-inf,2.402947515282118e-07
204,2020-12,Gedo,0,1068,1439,Gedo,2020,12,1.481563148704446,-0.5121170891181465,30,1.41243124543272,1.3708989769668751,1.25890709615064,1.2206713667781812,0.8616075801475842,0.8877314286444682,-0.552782039304707,-0.8316879675224511,-1.11830725911934,-0.8384565580429324,-0.5672587837387837,-0.2360989972817439,29.0,28.0,27.0,26.0,25.0,24.0,19,0.002616749249414958,-inf,9.3870616228876e-06
205,2020-12,Hiraan,0,1069,1439,Hiraan,2020,12,0.5139825582863815,0.0417763690099445,23,0.3481172147178662,0.3990484026557338,0.3154625940348944,0.3570053540405363,0.1798806701752044,0.2120930698233256,0.0584594131389676,0.0160427481532907,0.001205315000163,0.0527056589770936,0.1065265534663989,0.1105416602303258,22.0,21.0,20.0,19.0,18.0,17.0,29,0.006016509264782172,-inf,1.4444907207456633e-05
206,2020-12,Lower Juba,0,1070,1439,Lower Juba,2020,12,1.836742626419604,-0.3231892275760644,150,1.7267823865917902,1.7458642108878817,1.6323196218504283,1.548832928285937,1.155604990501959,1.109739842462576,-0.4099442662265996,-0.3526274410840738,-0.485281555035819,-0.5713051773172221,-0.3716630439456983,-0.3583067734010375,149.0,148.0,147.0,146.0,145.0,144.0,38,0.0023353638652866275,-inf,9.521811389668657e-06
207,2020-12,Lower Shabelle,742,1071,1439,Lower Shabelle,2020,12,1.2893656371428883,-0.0331671188760888,28,1.1579661508772563,1.197764851548167,1.0396283829238775,1.0276529370895984,0.7023109355863831,0.804853144226116,-0.0270040880036086,-0.1285418390246726,-0.1887545183568926,-0.1202987708680081,-0.0332665343398981,0.0411989833860188,27.0,26.0,25.0,24.0,23.0,22.0,89,0.008508246593928818,6.60934924316738,8.670650914592436e-05
208,2020-12,Middle Juba,0,1072,1439,Middle Juba,2020,12,1.7596131075652988,-0.2083560876609267,150,1.652142652674144,1.6451062634346276,1.5101257181315029,1.4482027603191805,1.0620806450960203,1.0809757244542648,-0.1826037421448277,-0.2812971401170272,-0.3505276098070287,-0.3114689023080592,-0.1892235748818622,-0.0499341625839439,149.0,148.0,147.0,146.0,145.0,144.0,3,0.0031030528715675202,-inf,1.584062477248853e-05
209,2020-12,Middle Shabelle,0,1073,1439,Middle Shabelle,2020,12,0.3065066948412577,0.1070071270260876,23,0.222528943050844,0.335223575256068,0.2816677687922087,0.3285018194265017,0.1556446994228358,0.2340082434177942,0.1171268113369072,0.0742876805249436,0.0852958225854196,0.1161113475981224,0.1389541660136587,0.1315503268166041,22.0,21.0,20.0,19.0,18.0,17.0,16,0.009785907225679898,-inf,3.210234383332263e-05
210,2020-12,Mudug,0,1074,1439,Mudug,2020,12,-0.0645137188561486,0.0632129805140632,0,-0.2881070464671083,-0.1965342988148539,-0.2238589360161643,0.0314823758908758,-0.0378962268755091,-0.1914576645256185,0.2036611554941206,0.226562483429295,0.2327336772430206,0.2226834906995919,0.103863217891218,0.0819431363861612,0.0,0.0,0.0,1.0,0.0,0.0,8,0.002220736057353776,-inf,-9.692420374482112e-07
211,2020-12,Nugaal,0,1075,1439,Nugaal,2020,12,0.1002088982732028,0.0455698636885864,1,-0.2135344246637071,-0.155253148941609,-0.2315841096967096,0.1302011455745983,0.0349207321754295,-0.160770767870327,0.2369268966034977,0.2620036209329585,0.2754573657847433,0.2624304914273327,0.085264552944247,0.0693517405097075,0.0,0.0,0.0,2.0,1.0,0.0,2,0.0016594524274810532,-inf,-4.2753338274589865e-07
212,2020-12,Sanaag,0,1076,1439,Sanaag,2020,12,0.966023295283525,0.0556622316736382,8,0.6246964201779026,0.4250779975911063,0.1702545408502064,0.3683839584225041,0.2352402243638889,0.0357758852633507,0.0991973368265734,0.1078463782343433,0.063488065981665,0.0656321122766688,0.070942014449155,0.0720599053750126,7.0,6.0,5.0,4.0,3.0,2.0,2,0.0014701577646401877,-inf,9.187482186700622e-07
213,2020-12,Sool,0,1077,1439,Sool,2020,12,0.7361311822875961,0.0468585684891949,3,0.4032364843074446,0.2368533342783553,-0.0243363426120096,0.1871712752994091,0.0409844502503236,-0.1549930208638497,0.1879169981718459,0.2054640465564217,0.1952241718424453,0.1818122086174714,0.0766489090707046,0.0684393251058053,2.0,1.0,0.0,2.0,1.0,0.0,1,0.0017204192404835263,-inf,7.010485326210138e-07
214,2020-12,Togdheer,0,1078,1439,Togdheer,2020,12,1.2311706611520494,0.0399802096499829,6,0.950428172053852,0.6165150543735505,0.2235527188855988,0.2228593685352212,0.036583131866764,-0.1459549086313918,0.0802889905892799,0.0963604148340428,0.0912698227672321,0.052313653927668,0.1027090978192075,0.0776509302172752,5.0,4.0,3.0,2.0,1.0,0.0,2,0.001820272428158295,-inf,2.042755871924309e-06
215,2020-12,Woqooyi Galbeed,0,1079,1439,Woqooyi Galbeed,2020,12,1.489403127437687,-0.0349361996768534,6,1.235669466335189,0.8215381171777316,0.3605687029315361,0.2641165124206855,0.0646981099179293,-0.0687295280624817,0.0579959759911441,0.0598382717799127,0.2012174515885585,0.104741473775154,0.1511750666840321,0.0982129781978632,5.0,4.0,3.0,2.0,1.0,0.0,1,0.0016107324240856426,-inf,2.1314469143062754e-06
